id,size,difficulty,source_pack,source_origin,variant,num_clues,num_walls,canonical_hash
linkedin-editor-225,6x6,d5,pack_linkedin_editor_v1,linkedin_editor,classic,3,15,646a5e0fa812760d1dbabc6eaf4d2c14b825533a64a96d5533b13624ec83ad47
linkedin-editor-242,8x8,d5,pack_linkedin_editor_v1,linkedin_editor,classic,9,23,ba0a2d0054e17f4ee2a612adf55db7fed9ea7812e9ca0e11eccb8cce342812ee
linkedin-editor-300,7x7,d2,pack_linkedin_editor_v1,linkedin_editor,classic,8,0,5a25a6100a4836d1614decb3bf5092db6298d4a5ea3c14d14273d0127cbf6d51
linkedin-editor-303,7x7,d2,pack_linkedin_editor_v1,linkedin_editor,classic,7,0,15bb0cf491c265a40d4c1f78a071ceba00d41012494a93a28333262373715511
linkedin-editor-37,6x6,d2,pack_linkedin_editor_v1,linkedin_editor,classic,6,15,75bb8e6d3d35dcdbe77f9df96ccf9f643d58b7cb0c4439e6af7bd9236a644855
linkedin-editor-278,6x6,d2,pack_linkedin_editor_v1,linkedin_editor,classic,4,0,7e52479fbcc9dd0b686320c65f110ba2b5fec6bd915d687fd973ee3120e260b9
linkedin-editor-223,6x6,d5,pack_linkedin_editor_v1,linkedin_editor,classic,6,18,978787310f19105530f53b8e9d9e51b5fad19649e49702560cc70b38e64a618b
linkedin-editor-342,7x7,d2,pack_linkedin_editor_v1,linkedin_editor,classic,7,0,206d9d8a5984bfd1406f16e850c7be3d7bc1482129726f6fc477a429ccab81a6
linkedin-editor-250,8x8,d3,pack_linkedin_editor_v1,linkedin_editor,classic,10,22,91ff6a9a280cb0acbe86c9b989525ae4f6cf3cc8577e8e8924085e4f4e3f14b1
linkedin-js-5,6x6,d3,pack_linkedin_js_generated_v1,linkedin_js_generator,classic,14,0,018066435ac11390ddc2c7d13df865eb0cedd8d92ee0f9fb2ecb8e1ef6f0d4bc
linkedin-editor-83,6x6,d2,pack_linkedin_editor_v1,linkedin_editor,classic,12,9,8707f3d486b74f64660a5de25145594a299bac2a988d39053dc6ee3f430e609a
linkedin-editor-14,8x8,d2,pack_linkedin_editor_v1,linkedin_editor,classic,20,0,a85a89bc6d36d515225b9498330cee8858a85b57a32c362d7dd509f4500f4dd8
linkedin-editor-15,8x8,d2,pack_linkedin_editor_v1,linkedin_editor,classic,16,0,cb1cbeacde3c4b3b67849984770f3173c9a0722ace847af5ff5d039ad54868e9
linkedin-editor-103,7x7,d2,pack_linkedin_editor_v1,linkedin_editor,classic,10,0,dabca79006073b5440de76b42db941afa5b91add09c23ce78d8ae29087568136
linkedin-editor-347,7x7,d2,pack_linkedin_editor_v1,linkedin_editor,classic,7,0,7ffcb00fbb8be2027d0678bcb40a6b2587187af9ac92b563a11cb3d88c647568
linkedin-editor-23,7x7,d2,pack_linkedin_editor_v1,linkedin_editor,classic,7,18,7dba302e62c1b732b6b359c0ad4363bdbf4146824c0d2356a0ff9c8aab94f1df
all-6,5x5,d1,pack_all_v1,unified,classic,7,3,24f378ec635a4bf041cc9a9562f9c817da435909c89c7e18086abe15b52d894e
linkedin-editor-50,6x6,d2,pack_linkedin_editor_v1,linkedin_editor,classic,10,0,d353a37a27c2941e3d2bd772877354aca6e85c0ac3e7b8da75ae8b99ad192d03
linkedin-js-12,6x6,d3,pack_linkedin_js_generated_v1,linkedin_js_generator,classic,10,0,6b1f00851319bb8ba0ea0c2cea17913b3aa4e303a736d7ceb21f20c442b7c4b7
linkedin-editor-75,6x6,d2,pack_linkedin_editor_v1,linkedin_editor,classic,6,8,e6d1e664d954e6f7af2897f6867316dced44a1a90a9977a9400d927d7989463d
all-7,5x5,d1,pack_all_v1,unified,classic,6,3,f8ef60292b85b6bfb121bfd425908676a8a72a42769cdbc3e1f84d508af0799f
linkedin-editor-355,8x8,d5,pack_linkedin_editor_v1,linkedin_editor,classic,8,0,e84ab8c639c41555020ced0665cf1d6c69c7b2913794e1e4733ec9b174c162c6
linkedin-editor-86,7x7,d2,pack_linkedin_editor_v1,linkedin_editor,classic,8,17,ddce73c72d60478289bceb44e9814a44bd7c1a596371e16a28ef5600aa37de97
linkedin-editor-312,6x6,d2,pack_linkedin_editor_v1,linkedin_editor,classic,8,0,3b72aa8133bf53120feb02b521d7a0ad7529e034300b1c92a2b31a63b48b91cd
linkedin-editor-24,6x6,d2,pack_linkedin_editor_v1,linkedin_editor,classic,12,0,f3b7aa2b08790d50e7046d6ed480d85021686058b674254f5a6082e56d97b1f2
linkedin-editor-357,6x6,d2,pack_linkedin_editor_v1,linkedin_editor,classic,16,0,e7c28eea3b30ee6006a3ef34456a2442d8a0a74afb5f693bd35ec8376719a004
all-21,6x6,d2,pack_all_v1,unified,classic,7,6,1c84f145527cde0aa72e274900c0756737cbf32afdf648298ab797a9f3299038
linkedin-editor-291,6x6,d2,pack_linkedin_editor_v1,linkedin_editor,classic,10,0,633669fbf53c0277dd23a9818f71043ab9df42002881fdb4e64575cd4db4602d
linkedin-editor-318,6x6,d2,pack_linkedin_editor_v1,linkedin_editor,classic,3,0,f423426443224c12f16eaf91de38fa61f5dff7b9c5b3813c17cfacf2cc01f55b
linkedin-editor-77,6x6,d2,pack_linkedin_editor_v1,linkedin_editor,classic,12,0,2167b6f3375320c9d19c94b10ab769c5df289da8574d323bbfcbf4e842909665
linkedin-editor-101,8x8,d2,pack_linkedin_editor_v1,linkedin_editor,classic,10,16,d95f702acaa51d3bf08d2bc6e0a742d8bb2fa306beb96f81386084b96343e57c
linkedin-editor-294,6x6,d2,pack_linkedin_editor_v1,linkedin_editor,classic,8,0,fbc2dfd65787a419ff548d6022ddcce8593f064567f3ea1b48dfa4800c3eee2e
linkedin-editor-4,7x7,d2,pack_linkedin_editor_v1,linkedin_editor,classic,10,12,f538d105eaa56b631ff3a1b23c3f047368f4a64c971852d1052e1484d2e8826d
linkedin-editor-79,6x6,d2,pack_linkedin_editor_v1,linkedin_editor,classic,10,8,f64ecd011f1654cf3976cfc444d9d8c17cd44ad4ba80547e299a377d91199a06
all-17,6x6,d1,pack_all_v1,unified,classic,6,5,c8f152787cbb251a1e8279914c578d1d94c245f89c6a9de17e3060a8b12d75a1
linkedin-js-15,6x6,d3,pack_linkedin_js_generated_v1,linkedin_js_generator,classic,9,0,af4b325945c1a404036318c7de7f2aee4027d946ebdfc04056bd0530921e497e
linkedin-editor-90,6x6,d2,pack_linkedin_editor_v1,linkedin_editor,classic,11,0,87364b55d29216bce584c7cf431b8b5432eb9944fef0067e07e732678bceab26
linkedin-editor-257,7x7,d2,pack_linkedin_editor_v1,linkedin_editor,classic,7,0,007dcac09ed4c6aff48fbd4faa889019179a9e093598542dd65824ee16e46c4d
linkedin-editor-325,6x6,d2,pack_linkedin_editor_v1,linkedin_editor,classic,2,0,c918138941d8debca7a5bc125e36dc43f33c03a72fc3f8719cbafe64c860dab8
linkedin-editor-320,6x6,d2,pack_linkedin_editor_v1,linkedin_editor,classic,4,0,31c5da3539bf7411596f10afb7859fc44f464759700f9be114a2984ab0829e96
linkedin-editor-255,6x6,d2,pack_linkedin_editor_v1,linkedin_editor,classic,8,8,a19936ce5f9216c228b1716c0a9126eef5978b72f525cec0e3ac6d3c3543be51
linkedin-editor-96,7x7,d2,pack_linkedin_editor_v1,linkedin_editor,classic,12,0,88cf7d77dbef8486c76dd469b190e5e5132efef5a2a5892de0cdc4a2eff00b52
all-75,6x6,d4,pack_all_v1,unified,classic,8,7,c508966ad6923aec7ab6797d6265cb56acaac9a5c6e27a596b55553250796e34
linkedin-editor-332,6x6,d2,pack_linkedin_editor_v1,linkedin_editor,classic,12,0,538a8f222c8976014a687346973280220201fabe532565891527b06650c03308
linkedin-editor-359,7x7,d2,pack_linkedin_editor_v1,linkedin_editor,classic,10,0,d9b0041f20f24a6b61868895c1653c139904177d819c391905beceb356b2e13b
linkedin-editor-226,6x6,d5,pack_linkedin_editor_v1,linkedin_editor,classic,2,15,0aaad4f94b00345b963cd7682430b6f28e7b11da5e729b62697ec95dbaba24e8
all-93,7x7,d3,pack_all_v1,unified,classic,6,14,f5500c9e8380bda9960712cc08b61a4bbb3c104979cf6dfe8c963ba5bfaed34e
linkedin-editor-224,6x6,d5,pack_linkedin_editor_v1,linkedin_editor,classic,4,16,9bd993173df75bfc5a498522b7f951cd9e7b835e9aef54a460b3e49dc09a7613
all-22,6x6,d1,pack_all_v1,unified,classic,5,6,73be84d66674d942f7a7d24200f8ab2be0142ddeee1b02299173d22aad279633
linkedin-editor-2,6x6,d2,pack_linkedin_editor_v1,linkedin_editor,classic,12,0,143ff96f55e08681b7935dde7aa0682e70f02c90ee9e22d82708d987749aa051
all-2,6x6,d2,pack_all_v1,unified,classic,6,5,26d7cb399762fd0809396b11d0076dd65432de8e96677cc0a38bb6fe283c5858
linkedin-js-11,6x6,d3,pack_linkedin_js_generated_v1,linkedin_js_generator,classic,10,0,ad7f016d5b4d2fa762bf92477c28496a49d75a86ca29579741452d78026910b3
linkedin-editor-254,7x7,d2,pack_linkedin_editor_v1,linkedin_editor,classic,8,22,b8e62d0974f79d81d268e37b8313733b5e39341d2400b33ed9a28dfee4c592d4
linkedin-editor-10,6x6,d2,pack_linkedin_editor_v1,linkedin_editor,classic,11,0,ca30670e58f515fe70fabb560c42c1b19a3e3c107994afe0bec522f90b12b58d
linkedin-editor-73,6x6,d2,pack_linkedin_editor_v1,linkedin_editor,classic,12,0,8bddb9413b96ffafaca9b605daf9746813775459e9e4c9937bd9f49ce6f12725
linkedin-editor-80,6x6,d2,pack_linkedin_editor_v1,linkedin_editor,classic,12,0,b6062d3bc757ad17e2c312b6bd8895067a362ef8d8f5204e95648618257223e0
linkedin-editor-346,6x6,d2,pack_linkedin_editor_v1,linkedin_editor,classic,12,0,fb09f6d7fcd973cc5f15755f7f17454e19c043a4ae03d3e46ba69ffe38411785
linkedin-editor-87,6x6,d2,pack_linkedin_editor_v1,linkedin_editor,classic,4,15,f3b006fca7c5c5a16c23597b4c8acd86f17d03a82661ad7884d710fab0241ecf
linkedin-editor-5,6x6,d2,pack_linkedin_editor_v1,linkedin_editor,classic,8,12,db5bcfa13f161d8316484602ad7f555d25ebd085392b413bd67870a1c75a4396
linkedin-editor-292,6x6,d2,pack_linkedin_editor_v1,linkedin_editor,classic,10,0,6e4f17721e9cbc1f423307de2814c9de4e9eb629960e0a6c110802e7ece28b48
linkedin-editor-88,7x7,d2,pack_linkedin_editor_v1,linkedin_editor,classic,7,18,d8103c8f54feb291f6071de10b6591f5d7b3c986cb3e1fc141c24cdecb9e03d5
linkedin-editor-290,6x6,d2,pack_linkedin_editor_v1,linkedin_editor,classic,12,0,d2e7c1fab86224889477a9d017aceee9f0639038e7218e2edb64f35299813240
linkedin-editor-263,6x6,d2,pack_linkedin_editor_v1,linkedin_editor,classic,9,0,c6a9259628b26d3b5f026f319fefea8513ace1d1c6176a5a99a604e5283b2c88
linkedin-editor-20,7x7,d2,pack_linkedin_editor_v1,linkedin_editor,classic,12,0,d18ac0c3451783d1bf2b3998a4cd49ee498254fa9f878031233fa758eb5d9d16
linkedin-editor-262,7x7,d2,pack_linkedin_editor_v1,linkedin_editor,classic,6,0,0631776b25fee759ecb02ef1de6f6d6281b1ee4bb862f6deef435efc9a7c2e19
linkedin-editor-338,6x6,d2,pack_linkedin_editor_v1,linkedin_editor,classic,14,0,24f1b13108a192f98d13a0aa7d2b64002ebb5fab266354159bf43fb997f6610f
linkedin-js-8,6x6,d3,pack_linkedin_js_generated_v1,linkedin_js_generator,classic,10,0,1f08293bcb54192d54e05865de97c60e482824dd28ba2cf9ae31c964cc05dfa3
all-16,6x6,d2,pack_all_v1,unified,classic,6,5,354bf0e67dd62071029863c99015a93dd6aabf30eaebe0abc0cc75db713efcfe
linkedin-editor-258,7x7,d2,pack_linkedin_editor_v1,linkedin_editor,classic,10,0,c88b4bcdff5264f0206e2c4ec918bfbe5590a4b7879e59fe4b7f61baf8b3eb3f
linkedin-editor-60,6x6,d2,pack_linkedin_editor_v1,linkedin_editor,classic,12,4,6fb51b27b3fb0a911b569298a21032fcd4c43612ad66e3e6abff1453ca696e41
linkedin-editor-74,7x7,d2,pack_linkedin_editor_v1,linkedin_editor,classic,12,0,3175e37784ebf3bb21ac17b2ad0515514a31434a00a6f06c3a7bc3a50c1ed576
linkedin-editor-76,8x8,d2,pack_linkedin_editor_v1,linkedin_editor,classic,20,0,9c89310da27cc80e799041fa930a6ee131ff15d1d177e22d13efae14c99aee88
linkedin-editor-261,6x6,d2,pack_linkedin_editor_v1,linkedin_editor,classic,10,0,def46d4136ba0f182dd37fa6304c94633ea5e0abf099441b4ff6329d740a846d
linkedin-js-6,6x6,d3,pack_linkedin_js_generated_v1,linkedin_js_generator,classic,13,0,03a1822091a675cb2a1815c3b6cf3a4e0524c24b96da0fb4cf64446abd5a5710
linkedin-editor-349,6x6,d2,pack_linkedin_editor_v1,linkedin_editor,classic,4,0,cb52905d5552187e104c0e76953ae6aee1c7a78b67b94e62910c42ff2af8d2a7
linkedin-editor-9,6x6,d2,pack_linkedin_editor_v1,linkedin_editor,classic,14,0,1adbcef9c15c7eac3f54133a006bd362cf13ecc99c90738485f24db2a5b57656
linkedin-editor-314,6x6,d2,pack_linkedin_editor_v1,linkedin_editor,classic,3,0,919c8350203223a5c43c634dcf07989942dace99e01a5ca073f9ea4395888360
linkedin-editor-64,6x6,d2,pack_linkedin_editor_v1,linkedin_editor,classic,10,5,6415c1231e0e05d75f82dc485cdfe6cedcd0cfed1ff557a16aea4faba45ec321
linkedin-editor-249,6x6,d2,pack_linkedin_editor_v1,linkedin_editor,classic,3,19,55c02c107c392562c8def24eaf9d0ed23ea8fa4656ffa23a7888e750a07dee9c
linkedin-editor-316,6x6,d2,pack_linkedin_editor_v1,linkedin_editor,classic,6,0,ee2db795d81026f45834c68fbf84ec028ab02748019e75d420cf87e4707e5a2c
linkedin-editor-295,6x6,d2,pack_linkedin_editor_v1,linkedin_editor,classic,8,0,3a8ca19850ffa5984569ca327e9a843adb5472c68a7de5edbccd4773ea93bd6b
linkedin-editor-8,7x7,d2,pack_linkedin_editor_v1,linkedin_editor,classic,10,12,9882193b47884cbcc4d76d323b7feed935e27492edae5c8a6b3ea5c223fbb28c
linkedin-editor-229,6x6,d5,pack_linkedin_editor_v1,linkedin_editor,classic,2,18,fd79b6a16f63f489bc821d6a9dc65f9cedfb2d2133a096520f9dfe9b2ac098c8
linkedin-editor-267,6x6,d2,pack_linkedin_editor_v1,linkedin_editor,classic,8,0,6ea94c719fa0a3d74187847608ae66389f46908d8da3524bada40e9c7f8b94da
linkedin-editor-260,7x7,d2,pack_linkedin_editor_v1,linkedin_editor,classic,10,0,6d2342e0d16e7ebb4b1351c44e4904b5b44c6e16f8a9b8a836ce5ba845cecf4f
linkedin-editor-93,6x6,d2,pack_linkedin_editor_v1,linkedin_editor,classic,10,4,75e81ed567c3e0f8f7f79f744af796b20f597cff0b414011da7839c218050866
linkedin-editor-18,6x6,d2,pack_linkedin_editor_v1,linkedin_editor,classic,9,15,fa311c9bc43acbb77d5aa1c18930be99bb65efe08ae2a78738708c6bb3b595f4
linkedin-editor-265,7x7,d2,pack_linkedin_editor_v1,linkedin_editor,classic,12,0,f1cf0e14f8b3eb8e17b36c0675e30d37e79a6b6c8f6d1bc98dc754305bf8e645
linkedin-editor-45,6x6,d2,pack_linkedin_editor_v1,linkedin_editor,classic,5,17,6d240eff2a176f71f7425e7ada934cb84f6ed5d851a756ec3ab5d7ed421be01c
linkedin-js-19,6x6,d3,pack_linkedin_js_generated_v1,linkedin_js_generator,classic,10,0,89d70866b41e6aed612ea975e431d6c3c12b6bcdf52e55b2b4346b10d26c55f8
linkedin-editor-353,6x6,d2,pack_linkedin_editor_v1,linkedin_editor,classic,12,0,8292cac901b9f69992ca6be9dba610d1ccfb27c73c7f1313dffb192218532706
linkedin-editor-245,7x7,d5,pack_linkedin_editor_v1,linkedin_editor,classic,8,18,b96fbc880fda8ce8dfb229452f5e3569c874c7972105aa9864df93ccf9acba7e
linkedin-editor-29,7x7,d2,pack_linkedin_editor_v1,linkedin_editor,classic,8,12,f8d6e8c5f3ee01fd353063e714599f42fec5d5331b86a5ac8a07fa467a0bc9b3
linkedin-editor-337,7x7,d2,pack_linkedin_editor_v1,linkedin_editor,classic,5,0,a2d4190140050e391bcc97a51b90c87ec59adbaaec833ed3667aee51a6a48902
all-14,6x6,d2,pack_all_v1,unified,classic,7,5,1d00c9d17c3ca8ac8b0f970be7dba9e8d2a03fa8d98830e4b198dde446081147
linkedin-editor-240,6x6,d5,pack_linkedin_editor_v1,linkedin_editor,classic,2,22,f5df2d493e68fc378558b0dc62d0de3fb2046f6d4db8c294d466124195e4c1dc
linkedin-editor-89,6x6,d2,pack_linkedin_editor_v1,linkedin_editor,classic,13,0,0dcee6a3ed107ec7a3027388964c8cd3444ffc153f9ce60990c941e0eb8c825a
linkedin-editor-307,7x7,d2,pack_linkedin_editor_v1,linkedin_editor,classic,6,0,773e8316147e2e166531f2118982ab43c64f8358d451cbea281a5d4e867886c0
linkedin-editor-296,6x6,d2,pack_linkedin_editor_v1,linkedin_editor,classic,6,0,51d0c5645e34c513a4841703d7e944a03e2f329294a5de42708eea223b5d830b
linkedin-editor-298,6x6,d2,pack_linkedin_editor_v1,linkedin_editor,classic,12,0,ef6246f440620dfe281f414e839b622aa57474eddbddd821e42fdc6725cc2b8b
linkedin-editor-56,7x7,d2,pack_linkedin_editor_v1,linkedin_editor,classic,12,0,0c420c986670394016a14645093a2781afdd955375522a0046866e09b225639f
linkedin-js-16,6x6,d3,pack_linkedin_js_generated_v1,linkedin_js_generator,classic,9,0,d2b59df817161701c35140a6d90012eceb9956c86cadf9dd443280bfe7bf8788
linkedin-editor-109,6x6,d2,pack_linkedin_editor_v1,linkedin_editor,classic,8,8,6c4f6395b6fbc5bd9cc5c28c7139dfa25744cca3af1956fdda13357398b807b4
linkedin-editor-344,7x7,d2,pack_linkedin_editor_v1,linkedin_editor,classic,13,0,6e5383bc4fea704da55a97ce8c5b2d237892044301a8c46968f62fdc68694010
linkedin-editor-305,6x6,d2,pack_linkedin_editor_v1,linkedin_editor,classic,8,0,c62cc5154bb0f2884e1f7e780c9313955ebc27345c93818336078d9217ed1f97
linkedin-editor-281,6x6,d2,pack_linkedin_editor_v1,linkedin_editor,classic,2,0,e80a61dbc2317d2c228843d13e230a3a738b2d4e3f5cf7a812e22eb9d6582bf1
linkedin-editor-317,6x6,d2,pack_linkedin_editor_v1,linkedin_editor,classic,4,0,9924047fc0689f3a50012f6899dcbda6a098e7fe1816ac46e95cd9a6381b62d2
linkedin-editor-356,7x7,d2,pack_linkedin_editor_v1,linkedin_editor,classic,14,0,356b5ea2ffe38eee6507904d700cf9d7bd08af080609acd610724fd3656679ea
linkedin-editor-52,6x6,d2,pack_linkedin_editor_v1,linkedin_editor,classic,10,0,e5d826e3b7305c72608949373bc60cec80f6ca67a726dec19393dec79e2bec25
all-12,5x5,d1,pack_all_v1,unified,classic,7,3,1d59224d5e9272e6f4ae1869716356e5ca27facbf1422ad1b61fb4b8c958281b
linkedin-editor-85,7x7,d2,pack_linkedin_editor_v1,linkedin_editor,classic,8,18,3b66af500b715f553f6f8ab7d736b9521d225d65171a7411c144fa561a248452
linkedin-editor-40,6x6,d2,pack_linkedin_editor_v1,linkedin_editor,classic,4,17,83a7b7ab366ec177a0841871df8b6f1f6aa1bc5f25c8ffcd22c98d40f3e05ff0
linkedin-editor-19,8x8,d2,pack_linkedin_editor_v1,linkedin_editor,classic,18,14,68af7cfc41c96b4adbe9027396e294561ed46646b754facd516e92b5de738040
linkedin-editor-54,6x6,d2,pack_linkedin_editor_v1,linkedin_editor,classic,8,0,ddbd8a613bf7307b993bfa583bd1aed57d43abe2efc2adc3802dcf59335aadbf
linkedin-editor-27,7x7,d2,pack_linkedin_editor_v1,linkedin_editor,classic,12,0,98d0de66901cef35bd5995ef6449c10b17f134ad4fcd256b5452119a48c52105
linkedin-editor-81,7x7,d2,pack_linkedin_editor_v1,linkedin_editor,classic,12,0,4da021d2beaa99acfae2dc46bc3301b73626ea117d1b0ba81f494e20d2713503
linkedin-editor-256,7x7,d2,pack_linkedin_editor_v1,linkedin_editor,classic,12,0,6efb6af11925fa81a005fccc985e2a6e2e8c37f5dec1b9f6fd78027f69b959d2
linkedin-editor-38,6x6,d2,pack_linkedin_editor_v1,linkedin_editor,classic,6,20,b73eb07175f9746c03ef02d17e6c8a55a49178f926d2360dba22ba15f1b170a5
linkedin-editor-95,6x6,d2,pack_linkedin_editor_v1,linkedin_editor,classic,10,0,d59b2bdc42ced7f00f87a519e13cabd3b851f729e8493e146aab4251c2336ed8
linkedin-editor-315,6x6,d2,pack_linkedin_editor_v1,linkedin_editor,classic,4,0,3a087261c772f89d8262d3868083af97baa5f9e2dcccd35fdfe9378463e07c63
linkedin-editor-270,6x6,d2,pack_linkedin_editor_v1,linkedin_editor,classic,3,0,0dcc8e6842289aeed67da21838379caffab75f034d5c76fe3fc289c0ff45edd6
linkedin-editor-287,8x8,d5,pack_linkedin_editor_v1,linkedin_editor,classic,10,0,dfba60cea493ca17708c49ee4da236262ddcd60021529a5084fb085dc3e3d6e5
linkedin-js-10,6x6,d3,pack_linkedin_js_generated_v1,linkedin_js_generator,classic,14,0,458607f321b9c7c082683ba70d5768f2702bbd56067a5fa1af227db6f94bcb98
linkedin-editor-313,6x6,d2,pack_linkedin_editor_v1,linkedin_editor,classic,5,0,05189607571a2a3b3d33a32d992f3bf96749fb4852f404f710e41dbc4879ce75
linkedin-editor-309,7x7,d2,pack_linkedin_editor_v1,linkedin_editor,classic,13,0,225441792ea0f031a253722b980c089b638d5f8b6a08f63bf921110329a862c3
linkedin-editor-328,7x7,d2,pack_linkedin_editor_v1,linkedin_editor,classic,8,0,edf12f9a94901d710464748195d046cf26c56e71763114d462221032298fe21a
linkedin-editor-94,6x6,d2,pack_linkedin_editor_v1,linkedin_editor,classic,8,12,b516501251eb4a5987c524fdf5affeb6c69bd81ae8e2d9725402d7a0117a8673
linkedin-editor-68,7x7,d2,pack_linkedin_editor_v1,linkedin_editor,classic,25,0,a93bc183aa3ecdf975724a98323bde7bdff8dba47fb07f0fab2ffd54cd8d63c8
linkedin-editor-107,7x7,d2,pack_linkedin_editor_v1,linkedin_editor,classic,13,0,781b5ba3801c771adb27f34ba456305c95d3bd9b8c8f4f14abde2fe8be23bbba
linkedin-editor-279,6x6,d2,pack_linkedin_editor_v1,linkedin_editor,classic,6,0,78bc6422872f71cb9b908eca4b13136986610dae1b67c9dce730d19ecf914598
linkedin-editor-67,6x6,d2,pack_linkedin_editor_v1,linkedin_editor,classic,11,0,a4df09bb33f3fcc7664df68cc8f6662cd93d492241e3b1968561a15f425c0a33
linkedin-editor-61,6x6,d2,pack_linkedin_editor_v1,linkedin_editor,classic,8,0,5ae04877b9e286f4b5a348bdd5c5c43464e2a505c4f3052f50f89866a45d80ad
linkedin-editor-251,7x7,d2,pack_linkedin_editor_v1,linkedin_editor,classic,13,8,f4e913122f7c5b1c4fca80e72e505861167af770b00e05b94841697ecc531d89
linkedin-js-3,6x6,d3,pack_linkedin_js_generated_v1,linkedin_js_generator,classic,10,0,09d4ada330b6f02256697233883406311999c73d477b5bd723b76699e5b220c2
linkedin-editor-125,6x6,d5,pack_linkedin_editor_v1,linkedin_editor,classic,12,0,6041790866994452f0b3c152b7a9f71fd72565ca52902d065ff64f070c3ec825
all-83,7x7,d2,pack_all_v1,unified,classic,10,12,393eb7ec71076904673b8f4ad9cdb91d126bfd4ea215777a8f4a5bc3ef39e8f8
all-67,6x6,d3,pack_all_v1,unified,classic,8,6,3c9e93989a788ec0b46ed7d96dcd01b01cf0320cbb2e180cb2eaf618a624c031
linkedin-editor-91,6x6,d2,pack_linkedin_editor_v1,linkedin_editor,classic,8,0,8359ea2ffdfdff0b817308da6265cad4e7889f8582686da451ea8434f63b104c
linkedin-editor-252,6x6,d2,pack_linkedin_editor_v1,linkedin_editor,classic,6,18,2b3d524e2ef0fb6e2fdf55107fb776a5d3de0dddefc152fd99dd8bd5ae8c68a5
linkedin-editor-227,6x6,d5,pack_linkedin_editor_v1,linkedin_editor,classic,4,16,2fe6b8aaee53f7879b1d93bdc2bcea13f51dc6e332f08c7cd0ecdcae69e35658
linkedin-editor-272,6x6,d2,pack_linkedin_editor_v1,linkedin_editor,classic,5,0,6241b0102e866977310b75329710d72f717bf701bbded93389e2f6a7108fa5d9
linkedin-editor-98,7x7,d2,pack_linkedin_editor_v1,linkedin_editor,classic,13,0,bd2b7d209bd52f544752ca8f288ba64b551d2d32d2718b6e34482f09b2cac13b
linkedin-js-9,6x6,d3,pack_linkedin_js_generated_v1,linkedin_js_generator,classic,11,0,59a486f3746d1948639d5bba34493280254584e3cbd2b904b02931021253ffcd
linkedin-editor-302,6x6,d2,pack_linkedin_editor_v1,linkedin_editor,classic,4,0,00434cb2ace6b0a22ab80139339ecd413aee884c0cb895999ef6b3edfbd27dd6
linkedin-editor-53,6x6,d2,pack_linkedin_editor_v1,linkedin_editor,classic,8,16,5815c1b10309ff68ef0d461bd88b54cc2a0e351d31232eff6f67e5680547b831
linkedin-editor-286,6x6,d2,pack_linkedin_editor_v1,linkedin_editor,classic,8,0,2de3d1f8e05d03de9e84bcc7e9d27e1c136af89d149e75030fef82d9ccf20603
linkedin-editor-84,6x6,d2,pack_linkedin_editor_v1,linkedin_editor,classic,10,5,d01e8f7207fd3d1f1f9fa2fad16abd2ac8978f4f69f218fe9c0ee07f4c4879e6
linkedin-js-7,6x6,d3,pack_linkedin_js_generated_v1,linkedin_js_generator,classic,12,0,ce3c1bcc5c4afe2826e8df8e51507b6ba4649a21d25b0ece49219135e99aa25e
linkedin-editor-66,6x6,d2,pack_linkedin_editor_v1,linkedin_editor,classic,8,8,d91f2eb4583032e49f92538d6b9fe1d62cc1705dfa6632f34db89dd3ae6ab461
linkedin-editor-59,6x6,d2,pack_linkedin_editor_v1,linkedin_editor,classic,6,10,bfb558e953c5060ef6f56e214d9978c9e3743e8a3f2ed5212f844e37a27a4f48
linkedin-editor-43,6x6,d2,pack_linkedin_editor_v1,linkedin_editor,classic,2,15,016a1699a634a96fbe8acd9d5ef34d3e0897b122bd6998c4a5411a7a3c9e4520
linkedin-editor-330,7x7,d2,pack_linkedin_editor_v1,linkedin_editor,classic,8,0,f8811a84c79b276927f0d6b3542a245ba60a4cdf593d6aceae48d2ff347e1f99
linkedin-editor-69,6x6,d2,pack_linkedin_editor_v1,linkedin_editor,classic,13,0,a33e016bada10a3f4b71bdd2cc29fa8ed2e437d85a46d6ecb2e2a570c488301c
linkedin-editor-102,7x7,d2,pack_linkedin_editor_v1,linkedin_editor,classic,13,14,0a858efecc9751c9b713c84e30bcaff3f5d3a78f177da2ddae767386b2b0e482
all-131,7x7,d3,pack_all_v1,unified,classic,4,0,5ac6c02b1f1b6200ed9867051b2b9a098eff327bd3ba3c60701392cf8af47039
linkedin-js-13,6x6,d3,pack_linkedin_js_generated_v1,linkedin_js_generator,classic,11,0,c68ceaf9ea4c5fad74a77b34b3d159a575cf03fad5d7de80a662a9f63522f845
linkedin-editor-345,7x7,d2,pack_linkedin_editor_v1,linkedin_editor,classic,11,0,841e6fee48cb0f8d29b3115b352137f9e8529bf82c1ee6b2b7e6f2e890360b55
linkedin-editor-308,8x8,d5,pack_linkedin_editor_v1,linkedin_editor,classic,10,0,ee560701fa71219014267b0b774443cc60554173633859f8641e9d92459c9abc
linkedin-editor-354,7x7,d2,pack_linkedin_editor_v1,linkedin_editor,classic,9,0,2e8b742327a381dcde11430eedf1e3ca479fb6cd626d3fe2126f06174ff3a19d
linkedin-editor-329,6x6,d2,pack_linkedin_editor_v1,linkedin_editor,classic,6,0,7ce8c284923fa3033a5e54fc09e12e09ba37c1f7238af7051f896aac908ea1cf
linkedin-editor-360,6x6,d2,pack_linkedin_editor_v1,linkedin_editor,classic,8,0,a03d487694ec040c267da9246b5624d2e7364d588cd03a959301094be34e6091
linkedin-editor-253,6x6,d2,pack_linkedin_editor_v1,linkedin_editor,classic,12,4,7893553fbf5f55984aab44e85f79d312693583af05e67ae15cac18e0bfd9cd46
linkedin-editor-334,7x7,d2,pack_linkedin_editor_v1,linkedin_editor,classic,7,0,19d4915d4c7ab91e30d8b6da356129e0399ce239edd87dcd48704f13f6e18580
linkedin-editor-280,6x6,d2,pack_linkedin_editor_v1,linkedin_editor,classic,4,0,16ca6b7da5dd2ffdb2fe6e6440391f5023bb99d21c1b3a30c3b94dbf501aa294
linkedin-editor-71,6x6,d2,pack_linkedin_editor_v1,linkedin_editor,classic,10,0,26078760c1b07bd293788436c63100ee8a5883ec9124601ffd858f69f42423ec
linkedin-editor-63,6x6,d2,pack_linkedin_editor_v1,linkedin_editor,classic,10,8,742313eb2f3df172100955befcd92b23256550e7f2915d93d3659d8fe369dec0
linkedin-editor-285,6x6,d2,pack_linkedin_editor_v1,linkedin_editor,classic,8,0,ccc532ca676c4b5787aa1186bd146650c0e34544bc3dc4bbc6e574c2c21ab569
linkedin-editor-324,6x6,d2,pack_linkedin_editor_v1,linkedin_editor,classic,4,0,41783e72eecd1536054ddff25ad0b468e09b6a7d7c7fed7504a780811a2a6f12
linkedin-editor-273,6x6,d2,pack_linkedin_editor_v1,linkedin_editor,classic,5,0,55529cd7eed7879ae5da730296d0da909efd3282f831db9e307c02e9c22e3dec
linkedin-editor-304,6x6,d2,pack_linkedin_editor_v1,linkedin_editor,classic,10,0,f9d5ac631627de62f826d3a257dec8be52aab3f50e6c5863f07a0dd075e4077d
linkedin-editor-352,6x6,d2,pack_linkedin_editor_v1,linkedin_editor,classic,6,0,201056fbd24662998e780d678dcbebda3842ab71ddc74ca7e43788f51735877a
linkedin-editor-283,6x6,d2,pack_linkedin_editor_v1,linkedin_editor,classic,5,0,718914682bbd1f87ee7014a56112ebaad7eb005129609d488c49d42958e98d9b
linkedin-editor-72,6x6,d2,pack_linkedin_editor_v1,linkedin_editor,classic,12,0,172d16203309ffbfbee7cb762d3fd50e4eb7c61e05d43a4bf70ef3b25dfd7b8f
linkedin-editor-282,6x6,d2,pack_linkedin_editor_v1,linkedin_editor,classic,3,0,f7956cdf54bf7da646e6205fb186366003445cecc3d11e805fea85efcca76549
linkedin-editor-55,6x6,d2,pack_linkedin_editor_v1,linkedin_editor,classic,8,8,da580cee4fa16b1dd2ad05daa0fea40c003b03eaac883b876c27714270400af2
linkedin-editor-322,6x6,d2,pack_linkedin_editor_v1,linkedin_editor,classic,2,0,2eff760cc7a73ca30d96b97ea25e4d76102f3547d600fc60df27e07f0e510f93
linkedin-editor-228,6x6,d5,pack_linkedin_editor_v1,linkedin_editor,classic,4,15,b354d03cb59d1cf9a462135018c5573e70dc9f7cd3d1c632c254d22eeb3c1003
linkedin-editor-244,6x6,d5,pack_linkedin_editor_v1,linkedin_editor,classic,6,14,50c96cba11c61ffc15d1ecd399c88340a693455775fcdf3e1ed8bc04bf00a2c9
linkedin-editor-7,7x7,d2,pack_linkedin_editor_v1,linkedin_editor,classic,14,0,19e01b3695d38984a6747577681ed4e2a99882e9062f680e4b219a4846c0df31
linkedin-editor-47,8x8,d2,pack_linkedin_editor_v1,linkedin_editor,classic,14,0,a1a3c8784de95798840b624e96e3dd318d9127d55514cd1beec68b6d5bc73bb8
linkedin-editor-271,6x6,d2,pack_linkedin_editor_v1,linkedin_editor,classic,5,0,d8835250a84d4622b883e4b2c98e0c7298213539e7a917a6db233b8cd8c0a56b
linkedin-editor-361,7x7,d2,pack_linkedin_editor_v1,linkedin_editor,classic,12,0,ad7a8e51b1a4a4991b9cf99b7f608ea444f6f75f85f98796a5ef0d9200999fec
linkedin-editor-266,7x7,d2,pack_linkedin_editor_v1,linkedin_editor,classic,7,0,84199206d46d39f5ea8a9d84aff8f6d224956459cf4bc22f03789864b6149516
linkedin-editor-326,7x7,d2,pack_linkedin_editor_v1,linkedin_editor,classic,3,0,f11cccbd371f978479625c37f861afe12ea3f0e4f939d748b0d9ade0586be660
linkedin-editor-310,6x6,d2,pack_linkedin_editor_v1,linkedin_editor,classic,4,0,e64a429337c0d745e046f33d0e6a5134ba32e9e99f682c13dff0436c2dcb1289
linkedin-editor-348,7x7,d2,pack_linkedin_editor_v1,linkedin_editor,classic,12,0,e636952abb7d9e33c81813dc4fdf91ae4486446280fc4aad21577133134b5b5c
linkedin-editor-275,6x6,d2,pack_linkedin_editor_v1,linkedin_editor,classic,6,0,bea8e9b3422b713fae89d2034ac55eaf4630da774db414947f2c541246536885
linkedin-editor-289,6x6,d2,pack_linkedin_editor_v1,linkedin_editor,classic,6,0,fec35b8a2c156881f13f5409dc990c196bb06107be8de0b9edc8622232434b7d
all-23,6x6,d1,pack_all_v1,unified,classic,5,5,993a0158df59dc7119c96633969589a22a6b0ecd883e890efd133bf86bf02af9
linkedin-editor-26,6x6,d2,pack_linkedin_editor_v1,linkedin_editor,classic,8,14,3d12378f2b8910a0fe69c24cd64ef6424bd61369699dd4564ef38f841debcde1
linkedin-editor-276,6x6,d2,pack_linkedin_editor_v1,linkedin_editor,classic,6,0,b3dedc31a166f38cc2a8a10398ff81c6aae648119c603b23f14a8e724e67410c
linkedin-editor-340,6x6,d2,pack_linkedin_editor_v1,linkedin_editor,classic,14,0,94c07c8c08650ff6137836420b077f07f07f023c6d55636d4b614192227eb3aa
linkedin-editor-268,7x7,d2,pack_linkedin_editor_v1,linkedin_editor,classic,8,0,cd18ea1521dccb2822314409bdc4b3a84024639b59ada270b65e8fcc3addb4a8
linkedin-editor-21,7x7,d2,pack_linkedin_editor_v1,linkedin_editor,classic,16,0,b31412e873ca34243a9dc7bddf93d561b437897f44523bdd08d10fab0f34690b
linkedin-js-2,6x6,d3,pack_linkedin_js_generated_v1,linkedin_js_generator,classic,11,0,5b15a6d256c90b5c3769bc95f0fe7ea27897fce04c373fc10eff197aeb37d1bc
linkedin-editor-3,7x7,d2,pack_linkedin_editor_v1,linkedin_editor,classic,7,28,8f4f7bc16ab2ddf7613839dbb8c0a3f42c589d22e0b38a055b5fb15f7c5c1636
linkedin-js-18,6x6,d3,pack_linkedin_js_generated_v1,linkedin_js_generator,classic,11,0,1fd07ef58f4ace21016e744c169ac87b6ffd1ca1fbd7d237147ff9488fd69c7c
linkedin-editor-11,6x6,d2,pack_linkedin_editor_v1,linkedin_editor,classic,10,12,e9cea2b8d365f81430dc130a208b50dc704d8570fdd6887786f00d30221b04bf
linkedin-editor-350,6x6,d2,pack_linkedin_editor_v1,linkedin_editor,classic,12,0,1e51f159e4ce2d12f3947fd2d2b711dcef053c78a8a8641f28e6f5c1e83bcadf
linkedin-editor-22,7x7,d2,pack_linkedin_editor_v1,linkedin_editor,classic,12,12,2b5879ed3757e96a8793b6d511293b00ecaf77d64e657e17688d5967a733cccb
linkedin-editor-321,6x6,d2,pack_linkedin_editor_v1,linkedin_editor,classic,4,0,1f9a4df9b1e1992d8accd860fb74ffaa9f35772fe8c5e9023c4c1febaed83cbc
all-8,5x5,d1,pack_all_v1,unified,classic,8,3,6e575b14b9da7cbb5b4cc35c6cad4cee1300f91a6b73bc8c462b0309e04acf81
linkedin-editor-339,6x6,d2,pack_linkedin_editor_v1,linkedin_editor,classic,4,0,40b00154b6df9d4439c922410f97c2de2a5d7dd47c4507347e67b641156013f5
linkedin-editor-331,7x7,d2,pack_linkedin_editor_v1,linkedin_editor,classic,9,0,40281fe3e234df70b64597b7a0a232850b5bebf6dbdfdc6be57b395b4cea19aa
linkedin-editor-336,6x6,d2,pack_linkedin_editor_v1,linkedin_editor,classic,8,0,4f044aa5f65a9bd459feb075e3ed07b98baa65efd1b01be916c67d6cfe184295
linkedin-editor-49,6x6,d2,pack_linkedin_editor_v1,linkedin_editor,classic,8,0,5956cc79686c4b72ecdbb810f405354efa9ee732089f926950672235c1a2017a
linkedin-editor-306,6x6,d2,pack_linkedin_editor_v1,linkedin_editor,classic,6,0,fe027e623c12811f7cffecbffaaafc6d4b7b0716a22631a0f19e445657dbce18
linkedin-editor-243,7x7,d5,pack_linkedin_editor_v1,linkedin_editor,classic,8,18,2480eef0328d7578a618160a5264a2dccc01e3cd61e0b2ee3bc62f551375cd93
linkedin-editor-42,6x6,d2,pack_linkedin_editor_v1,linkedin_editor,classic,4,18,c1ef16d5f57a8940bb47c7f0f7e5e3a08bd98965bf84b79465549f70e6b68d89
linkedin-editor-277,6x6,d2,pack_linkedin_editor_v1,linkedin_editor,classic,4,0,c9194b935155d7884ea4ed2006b183a1332683d47ed8bfcd9dc78b6f2fc92ad5
linkedin-editor-33,6x6,d2,pack_linkedin_editor_v1,linkedin_editor,classic,5,17,ce054a4446ff3193cba5156797defcb79b45c511c10eefb31fd2300f8a8de88e
linkedin-editor-65,6x6,d2,pack_linkedin_editor_v1,linkedin_editor,classic,8,8,324a2732853b89851e11524915a91b413107fff7d708bc1a44fa09885b83b620
linkedin-editor-264,8x8,d5,pack_linkedin_editor_v1,linkedin_editor,classic,18,0,894a1158c7a27dbd023c9fdd06eab202f150033665d40c230380fe44924922a6
linkedin-editor-293,6x6,d2,pack_linkedin_editor_v1,linkedin_editor,classic,8,0,ef912d4afe51c645db7a2017afb63c964e5095aaeac5b73aaa96291b0052497a
linkedin-editor-51,6x6,d2,pack_linkedin_editor_v1,linkedin_editor,classic,8,0,f222ec2f52e88f5ebf6c226e502d3caa79333c3f85928da7272e53a3bf5abf82
linkedin-editor-99,6x6,d2,pack_linkedin_editor_v1,linkedin_editor,classic,6,12,e35b965ac40cfb5c7c9d57e27788a5faf37949feafe54c92e7678ed658ab603c
linkedin-editor-62,7x7,d2,pack_linkedin_editor_v1,linkedin_editor,classic,9,0,35afed47de4893ad5ac8bba01e0977161f6e6d7563b33f64f1bde4aed4b89edc
linkedin-editor-104,6x6,d2,pack_linkedin_editor_v1,linkedin_editor,classic,10,0,0c9a150635cafca1faca5164cc3b242c1851976f2e4c0847ba1ee24c37dc1dcd
linkedin-editor-35,6x6,d2,pack_linkedin_editor_v1,linkedin_editor,classic,5,16,e32e96a5507553950abbdb60a9bd2220d1884dfa2b5067c689ee2244ba4d80d1
linkedin-editor-34,6x6,d2,pack_linkedin_editor_v1,linkedin_editor,classic,5,15,928f77f1fa364773fd9e92c74c2da193ee5345e495ebfb9ed9d20a61c30f6af2
linkedin-editor-25,8x8,d2,pack_linkedin_editor_v1,linkedin_editor,classic,16,0,158dcc59328de0287cfbc3e765604f34e10aa6b31b7b5d7f2996929dc5eb1148
linkedin-editor-58,7x7,d2,pack_linkedin_editor_v1,linkedin_editor,classic,6,20,bd7bc8424a4c22d35e28614e637d961a919505d25d540195905ed6ce0b46891c
linkedin-editor-299,6x6,d2,pack_linkedin_editor_v1,linkedin_editor,classic,10,0,8dff1207504225b8bb8e7dcaaf6382fa3cf5ee979dc749909f7fbec7c09a8dce
all-5,6x6,d1,pack_all_v1,unified,classic,7,5,d8a878466ded0229784f0c7c0869de763645d56fafee53313b1bc5e7aaa4a74b
linkedin-editor-17,6x6,d2,pack_linkedin_editor_v1,linkedin_editor,classic,12,0,4c2685cd184c0810a015340e122de6ac3f836743f2eeb569e4da9a016d391366
linkedin-js-17,6x6,d3,pack_linkedin_js_generated_v1,linkedin_js_generator,classic,10,0,d1e5b1f274aef793dcb2823f7367f9b32b5e2c4a28ba68020a90d51f5b835e27
linkedin-editor-97,7x7,d2,pack_linkedin_editor_v1,linkedin_editor,classic,11,0,d53ec32fef8a057458b9f24c3164405b51eec64fbe620442818a7f0a9b7c2f99
linkedin-editor-13,7x7,d2,pack_linkedin_editor_v1,linkedin_editor,classic,16,0,65a772d2e57a6b2bf944f1c131459d6bc9099e69b66b65715c025d0670adc52f
linkedin-editor-106,6x6,d2,pack_linkedin_editor_v1,linkedin_editor,classic,4,19,d1cffbc669a47bc1d0ddeea6a5c8ce20ac835f1e3b461dd94ca60caa5511d6f1
linkedin-editor-46,7x7,d2,pack_linkedin_editor_v1,linkedin_editor,classic,16,0,c5ff5d4217a777cd60fa9497c75bc1a57448f10aabe26c1ee7f1ac4d9aadcfb7
linkedin-editor-105,7x7,d2,pack_linkedin_editor_v1,linkedin_editor,classic,17,0,7319b99d0e501a99cfe29ad8b42e0305a2801ab91e1dd2e4612ca9c2a078bce1
linkedin-editor-36,6x6,d2,pack_linkedin_editor_v1,linkedin_editor,classic,3,19,a7d03d7202476dced557fc337a7934109032971b6846ab9b14243d5745ed56e9
linkedin-js-14,6x6,d3,pack_linkedin_js_generated_v1,linkedin_js_generator,classic,12,0,bd6abaecbf978ad484c3ee3c59b89f2e5642ba5af5d1e43ca1869e34e9ff1c54
linkedin-editor-220,6x6,d5,pack_linkedin_editor_v1,linkedin_editor,classic,5,13,4a42f72266a7a6f0854576f6206196a32484b369f2a19949bd89e4b936993948
linkedin-editor-333,6x6,d2,pack_linkedin_editor_v1,linkedin_editor,classic,10,0,6f60f69df61ed524f4ad903bea561f16ad4001726c009ab063b2327604919bb6
linkedin-editor-274,6x6,d2,pack_linkedin_editor_v1,linkedin_editor,classic,3,0,fdc5fa8d03e79a64111fa44ca6cdf42b6e994a187ca32fbb8dbaf285a73197b2
linkedin-editor-351,6x6,d2,pack_linkedin_editor_v1,linkedin_editor,classic,10,0,43957b14007b5224496171f0d4be9553754a0e869618d1e131731d13a03940a1
linkedin-editor-311,8x8,d5,pack_linkedin_editor_v1,linkedin_editor,classic,6,0,b30289ac473869e52775c4bd155a9a62f29553389b346ecf784a0c231b13627c
linkedin-editor-31,6x6,d2,pack_linkedin_editor_v1,linkedin_editor,classic,3,19,3e571327bc4e51a62fc61510ac56dc1af2e2060f918a5eea9ed8c44c4f5a9dce
linkedin-editor-241,7x7,d5,pack_linkedin_editor_v1,linkedin_editor,classic,3,24,8acddb78391ee9159c2718474a58f9126cd51cbb9c56025370d01f9798919cd2
linkedin-editor-301,7x7,d2,pack_linkedin_editor_v1,linkedin_editor,classic,8,0,2ac6b5bbb0e0bc178dd8823f7bd5c3449c68cc11ccc81f61d3f65b40c4320563
linkedin-editor-219,7x7,d5,pack_linkedin_editor_v1,linkedin_editor,classic,17,0,ed6025a9718d02c222e255788325691030a1d612739ea5622e3502c5fe91b299
all-43,6x6,d3,pack_all_v1,unified,classic,8,7,6e58425ad7861dff4c278d1bc42051511c29a14773627e188ba47bd2274d6bf6
linkedin-editor-319,6x6,d2,pack_linkedin_editor_v1,linkedin_editor,classic,2,0,02b8f1f69677f00c11361c64167e2e0e7205d39833b349976c0ef40a629a4a86
all-13,6x6,d1,pack_all_v1,unified,classic,5,5,df66138012ca5f734c0fda5dbd0da05a387a26ea48bea298d0d416ab3548dbd4
linkedin-editor-341,7x7,d2,pack_linkedin_editor_v1,linkedin_editor,classic,14,0,f625e2e57bb300a3166ee942763bc20f71fdeb6157c27c82237ab862f00ab300
linkedin-editor-108,8x8,d2,pack_linkedin_editor_v1,linkedin_editor,classic,6,36,43b0deb0bfdb227a02388201d42232b1ce6479b13700ef3521f7e33796b55f8f
linkedin-editor-259,6x6,d2,pack_linkedin_editor_v1,linkedin_editor,classic,8,0,8d2726fe75b07bb8f2b32c1d5eb536ac246ed89285dde08bbea030fd36e9c495
linkedin-editor-57,8x8,d2,pack_linkedin_editor_v1,linkedin_editor,classic,10,12,98a609ad72da18d47f38425b6d30a56088d27f8c04a17cb32e960b9016b497b1
linkedin-editor-48,6x6,d2,pack_linkedin_editor_v1,linkedin_editor,classic,8,12,c53870c96259dafb55724bf12fd79892b91afa42a1d30f4d6972bc86e9b78b6e
linkedin-editor-231,7x7,d5,pack_linkedin_editor_v1,linkedin_editor,classic,7,12,13407505c81435f190148df2c45fe4063d803cfd5d4bd748b8472aef27a1cf62
linkedin-editor-284,6x6,d2,pack_linkedin_editor_v1,linkedin_editor,classic,8,0,ca8ca4640229df55f9437536306ecc45ea84f1741d7017ebce71378797491a37
linkedin-editor-335,6x6,d2,pack_linkedin_editor_v1,linkedin_editor,classic,6,0,873e023fe6a0af87161eb50da805a531d3e2a1369d55e5c88dd58e4655c989e5
linkedin-js-1,6x6,d3,pack_linkedin_js_generated_v1,linkedin_js_generator,classic,12,0,c4ea399f9d24a3be206cf080e8025b6151b06a4a6b51c45ecc9503f26aad2f18
linkedin-editor-1,7x7,d2,pack_linkedin_editor_v1,linkedin_editor,classic,14,0,c1bd78f985e416471f7399baca5033c46eaafb530876fa8536f7d8a13749ae7c
all-94,7x7,d3,pack_all_v1,unified,classic,5,15,4c6de2db5ac5047c2a3afbea3f34018f30eb07b23ab36c9d808f3295c2b00701
linkedin-js-20,6x6,d3,pack_linkedin_js_generated_v1,linkedin_js_generator,classic,9,0,cf1105774ab3cd5ab7dbd7235af4d91d53b2aff682f97566f31b69bd16f843a8
linkedin-editor-323,7x7,d2,pack_linkedin_editor_v1,linkedin_editor,classic,7,0,4d79e08f76b23b05d921a2bcc135c1314c0a66f0b33064e12d9516efcb8f6688
linkedin-editor-28,7x7,d2,pack_linkedin_editor_v1,linkedin_editor,classic,12,0,da622aa8b3200de7e92ac3f3229d6dd8c6c08cc03c040f12a14056c1b072ae51
linkedin-editor-41,6x6,d2,pack_linkedin_editor_v1,linkedin_editor,classic,6,17,996a166e0d474e2a84b4f7bb03bfc41e769ac3e334ff958259dd984d699b5a68
linkedin-editor-343,6x6,d2,pack_linkedin_editor_v1,linkedin_editor,classic,16,0,caca0954440d0077855bbc2c598e274f8c17343edc385122acaa43a6a7e4c9c8
linkedin-editor-100,7x7,d2,pack_linkedin_editor_v1,linkedin_editor,classic,6,14,7c1c9327763a515ca4dfcc97c006abb17843c130d4a9bb064cf1b58f10dbd2da
linkedin-editor-12,7x7,d2,pack_linkedin_editor_v1,linkedin_editor,classic,6,16,d254a2650b70939582c72ea17ad17929b262ddeb5cf4ba409abaf87f8e7c6dff
linkedin-editor-269,6x6,d2,pack_linkedin_editor_v1,linkedin_editor,classic,3,0,5177938f37de571eee63616f7380042a6c9d45df8dac1fcd15ce8a074d3505e4
linkedin-editor-247,7x7,d5,pack_linkedin_editor_v1,linkedin_editor,classic,9,10,2f3b12abfded1eabfecb0862125616a577f06bd94b0039363655b9b1fbde280c
linkedin-editor-297,6x6,d2,pack_linkedin_editor_v1,linkedin_editor,classic,10,0,3af9e760282b49a1d3a75150b7fc9021af3c207bd5a00d93d5944f1183032769
linkedin-editor-70,6x6,d2,pack_linkedin_editor_v1,linkedin_editor,classic,8,12,208ea6dc9e203cb301c233a90e33854774f6ff5d5889930db0682e752be3fc31
linkedin-editor-6,7x7,d2,pack_linkedin_editor_v1,linkedin_editor,classic,10,0,9365ab484dc03eef26d890a62eef333f807407013927fe77e9ead2c042e42732
linkedin-editor-39,6x6,d2,pack_linkedin_editor_v1,linkedin_editor,classic,4,19,56cfc784f123c2925c8cd9b9497d4dc8443224b92162321d30c7998cba9fb87b
linkedin-editor-30,6x6,d2,pack_linkedin_editor_v1,linkedin_editor,classic,3,16,9d4837bf63e241cc082b124901c311063179b00c0a3ea9b83e9f120e17f50173
linkedin-js-4,6x6,d3,pack_linkedin_js_generated_v1,linkedin_js_generator,classic,11,0,39b4da61d8a7c9ad8dc3a6fb71dd9c727555d55d3aa1416a72873ee4c7f77873
linkedin-editor-327,8x8,d5,pack_linkedin_editor_v1,linkedin_editor,classic,9,0,79925d234e5cbe48a9865c68a9b0f66a0143177c8e82b51d05133071ebd09ea8
linkedin-editor-358,6x6,d2,pack_linkedin_editor_v1,linkedin_editor,classic,12,0,26c4a1f7700a2aed53e432fc9b76296c4411c0f9f14ce238957da5b37a75aaf2
linkedin-editor-288,7x7,d2,pack_linkedin_editor_v1,linkedin_editor,classic,6,0,8351faf55fba13394f0a0ae602b380a5bbcd11c3110fca31a03c43d8ab59cd8a
linkedin-editor-44,6x6,d2,pack_linkedin_editor_v1,linkedin_editor,classic,3,17,806aae29bae81b6b152940f23dc346e3567611aff450f87a672f308063884c0f
linkedin-editor-222,6x6,d5,pack_linkedin_editor_v1,linkedin_editor,classic,4,19,893cfc3def31b23344cd5b92d7b72326d78fe7e41db7672e00c31aa1820e30e5
linkedin-editor-221,6x6,d5,pack_linkedin_editor_v1,linkedin_editor,classic,3,19,f86cc89ae711fb6aed12f97fb865a1a9852339a15e8ca56b2acba31e46d95ba2
linkedin-editor-239,6x6,d5,pack_linkedin_editor_v1,linkedin_editor,classic,4,14,74baa17b31b7cf138d2af12adb351d1ac2dca40bafebe67e0c1548588604cd36
