id,source_pack,source_origin,variant,canonical_hash,dedupe_reason
all-158,pack_all_v1,unified,classic,016a1699a634a96fbe8acd9d5ef34d3e0897b122bd6998c4a5411a7a3c9e4520,duplicate_of:linkedin-editor-43
all-320,pack_all_v1,linkedin_editor,classic,016a1699a634a96fbe8acd9d5ef34d3e0897b122bd6998c4a5411a7a3c9e4520,duplicate_of:linkedin-editor-43
linkedin-editor-152,pack_linkedin_editor_v1,linkedin_editor,classic,016a1699a634a96fbe8acd9d5ef34d3e0897b122bd6998c4a5411a7a3c9e4520,duplicate_of:linkedin-editor-43
all-212,pack_all_v1,unified,classic,018066435ac11390ddc2c7d13df865eb0cedd8d92ee0f9fb2ecb8e1ef6f0d4bc,duplicate_of:linkedin-js-5
all-213,pack_all_v1,unified,classic,03a1822091a675cb2a1815c3b6cf3a4e0524c24b96da0fb4cf64446abd5a5710,duplicate_of:linkedin-js-6
all-210,pack_all_v1,unified,classic,09d4ada330b6f02256697233883406311999c73d477b5bd723b76699e5b220c2,duplicate_of:linkedin-js-3
all-128,pack_all_v1,unified,classic,0a858efecc9751c9b713c84e30bcaff3f5d3a78f177da2ddae767386b2b0e482,duplicate_of:linkedin-editor-102
all-277,pack_all_v1,linkedin_editor,classic,0a858efecc9751c9b713c84e30bcaff3f5d3a78f177da2ddae767386b2b0e482,duplicate_of:linkedin-editor-102
all-379,pack_all_v1,linkedin_editor,classic,0a858efecc9751c9b713c84e30bcaff3f5d3a78f177da2ddae767386b2b0e482,duplicate_of:linkedin-editor-102
linkedin-editor-211,pack_linkedin_editor_v1,linkedin_editor,classic,0a858efecc9751c9b713c84e30bcaff3f5d3a78f177da2ddae767386b2b0e482,duplicate_of:linkedin-editor-102
all-195,pack_all_v1,unified,classic,0aaad4f94b00345b963cd7682430b6f28e7b11da5e729b62697ec95dbaba24e8,duplicate_of:linkedin-editor-226
all-100,pack_all_v1,unified,classic,0c420c986670394016a14645093a2781afdd955375522a0046866e09b225639f,duplicate_of:linkedin-editor-56
all-248,pack_all_v1,linkedin_editor,classic,0c420c986670394016a14645093a2781afdd955375522a0046866e09b225639f,duplicate_of:linkedin-editor-56
all-333,pack_all_v1,linkedin_editor,classic,0c420c986670394016a14645093a2781afdd955375522a0046866e09b225639f,duplicate_of:linkedin-editor-56
linkedin-editor-165,pack_linkedin_editor_v1,linkedin_editor,classic,0c420c986670394016a14645093a2781afdd955375522a0046866e09b225639f,duplicate_of:linkedin-editor-56
all-130,pack_all_v1,unified,classic,0c9a150635cafca1faca5164cc3b242c1851976f2e4c0847ba1ee24c37dc1dcd,duplicate_of:linkedin-editor-104
all-279,pack_all_v1,linkedin_editor,classic,0c9a150635cafca1faca5164cc3b242c1851976f2e4c0847ba1ee24c37dc1dcd,duplicate_of:linkedin-editor-104
all-381,pack_all_v1,linkedin_editor,classic,0c9a150635cafca1faca5164cc3b242c1851976f2e4c0847ba1ee24c37dc1dcd,duplicate_of:linkedin-editor-104
linkedin-editor-213,pack_linkedin_editor_v1,linkedin_editor,classic,0c9a150635cafca1faca5164cc3b242c1851976f2e4c0847ba1ee24c37dc1dcd,duplicate_of:linkedin-editor-104
all-177,pack_all_v1,unified,classic,0dcee6a3ed107ec7a3027388964c8cd3444ffc153f9ce60990c941e0eb8c825a,duplicate_of:linkedin-editor-89
all-366,pack_all_v1,linkedin_editor,classic,0dcee6a3ed107ec7a3027388964c8cd3444ffc153f9ce60990c941e0eb8c825a,duplicate_of:linkedin-editor-89
linkedin-editor-198,pack_linkedin_editor_v1,linkedin_editor,classic,0dcee6a3ed107ec7a3027388964c8cd3444ffc153f9ce60990c941e0eb8c825a,duplicate_of:linkedin-editor-89
all-199,pack_all_v1,unified,classic,13407505c81435f190148df2c45fe4063d803cfd5d4bd748b8472aef27a1cf62,duplicate_of:linkedin-editor-231
all-132,pack_all_v1,unified,classic,143ff96f55e08681b7935dde7aa0682e70f02c90ee9e22d82708d987749aa051,duplicate_of:linkedin-editor-2
all-281,pack_all_v1,linkedin_editor,classic,143ff96f55e08681b7935dde7aa0682e70f02c90ee9e22d82708d987749aa051,duplicate_of:linkedin-editor-2
linkedin-editor-111,pack_linkedin_editor_v1,linkedin_editor,classic,143ff96f55e08681b7935dde7aa0682e70f02c90ee9e22d82708d987749aa051,duplicate_of:linkedin-editor-2
all-143,pack_all_v1,unified,classic,158dcc59328de0287cfbc3e765604f34e10aa6b31b7b5d7f2996929dc5eb1148,duplicate_of:linkedin-editor-25
all-303,pack_all_v1,linkedin_editor,classic,158dcc59328de0287cfbc3e765604f34e10aa6b31b7b5d7f2996929dc5eb1148,duplicate_of:linkedin-editor-25
linkedin-editor-134,pack_linkedin_editor_v1,linkedin_editor,classic,158dcc59328de0287cfbc3e765604f34e10aa6b31b7b5d7f2996929dc5eb1148,duplicate_of:linkedin-editor-25
all-112,pack_all_v1,unified,classic,172d16203309ffbfbee7cb762d3fd50e4eb7c61e05d43a4bf70ef3b25dfd7b8f,duplicate_of:linkedin-editor-72
all-258,pack_all_v1,linkedin_editor,classic,172d16203309ffbfbee7cb762d3fd50e4eb7c61e05d43a4bf70ef3b25dfd7b8f,duplicate_of:linkedin-editor-72
all-349,pack_all_v1,linkedin_editor,classic,172d16203309ffbfbee7cb762d3fd50e4eb7c61e05d43a4bf70ef3b25dfd7b8f,duplicate_of:linkedin-editor-72
linkedin-editor-181,pack_linkedin_editor_v1,linkedin_editor,classic,172d16203309ffbfbee7cb762d3fd50e4eb7c61e05d43a4bf70ef3b25dfd7b8f,duplicate_of:linkedin-editor-72
all-78,pack_all_v1,unified,classic,19e01b3695d38984a6747577681ed4e2a99882e9062f680e4b219a4846c0df31,duplicate_of:linkedin-editor-7
all-232,pack_all_v1,linkedin_editor,classic,19e01b3695d38984a6747577681ed4e2a99882e9062f680e4b219a4846c0df31,duplicate_of:linkedin-editor-7
all-286,pack_all_v1,linkedin_editor,classic,19e01b3695d38984a6747577681ed4e2a99882e9062f680e4b219a4846c0df31,duplicate_of:linkedin-editor-7
linkedin-editor-116,pack_linkedin_editor_v1,linkedin_editor,classic,19e01b3695d38984a6747577681ed4e2a99882e9062f680e4b219a4846c0df31,duplicate_of:linkedin-editor-7
all-80,pack_all_v1,unified,classic,1adbcef9c15c7eac3f54133a006bd362cf13ecc99c90738485f24db2a5b57656,duplicate_of:linkedin-editor-9
all-234,pack_all_v1,linkedin_editor,classic,1adbcef9c15c7eac3f54133a006bd362cf13ecc99c90738485f24db2a5b57656,duplicate_of:linkedin-editor-9
all-288,pack_all_v1,linkedin_editor,classic,1adbcef9c15c7eac3f54133a006bd362cf13ecc99c90738485f24db2a5b57656,duplicate_of:linkedin-editor-9
linkedin-editor-118,pack_linkedin_editor_v1,linkedin_editor,classic,1adbcef9c15c7eac3f54133a006bd362cf13ecc99c90738485f24db2a5b57656,duplicate_of:linkedin-editor-9
all-215,pack_all_v1,unified,classic,1f08293bcb54192d54e05865de97c60e482824dd28ba2cf9ae31c964cc05dfa3,duplicate_of:linkedin-js-8
all-225,pack_all_v1,unified,classic,1fd07ef58f4ace21016e744c169ac87b6ffd1ca1fbd7d237147ff9488fd69c7c,duplicate_of:linkedin-js-18
all-110,pack_all_v1,unified,classic,208ea6dc9e203cb301c233a90e33854774f6ff5d5889930db0682e752be3fc31,duplicate_of:linkedin-editor-70
all-257,pack_all_v1,linkedin_editor,classic,208ea6dc9e203cb301c233a90e33854774f6ff5d5889930db0682e752be3fc31,duplicate_of:linkedin-editor-70
all-347,pack_all_v1,linkedin_editor,classic,208ea6dc9e203cb301c233a90e33854774f6ff5d5889930db0682e752be3fc31,duplicate_of:linkedin-editor-70
linkedin-editor-179,pack_linkedin_editor_v1,linkedin_editor,classic,208ea6dc9e203cb301c233a90e33854774f6ff5d5889930db0682e752be3fc31,duplicate_of:linkedin-editor-70
all-174,pack_all_v1,unified,classic,2167b6f3375320c9d19c94b10ab769c5df289da8574d323bbfcbf4e842909665,duplicate_of:linkedin-editor-77
all-354,pack_all_v1,linkedin_editor,classic,2167b6f3375320c9d19c94b10ab769c5df289da8574d323bbfcbf4e842909665,duplicate_of:linkedin-editor-77
linkedin-editor-186,pack_linkedin_editor_v1,linkedin_editor,classic,2167b6f3375320c9d19c94b10ab769c5df289da8574d323bbfcbf4e842909665,duplicate_of:linkedin-editor-77
all-204,pack_all_v1,unified,classic,2480eef0328d7578a618160a5264a2dccc01e3cd61e0b2ee3bc62f551375cd93,duplicate_of:linkedin-editor-243
all-170,pack_all_v1,unified,classic,26078760c1b07bd293788436c63100ee8a5883ec9124601ffd858f69f42423ec,duplicate_of:linkedin-editor-71
all-348,pack_all_v1,linkedin_editor,classic,26078760c1b07bd293788436c63100ee8a5883ec9124601ffd858f69f42423ec,duplicate_of:linkedin-editor-71
linkedin-editor-180,pack_linkedin_editor_v1,linkedin_editor,classic,26078760c1b07bd293788436c63100ee8a5883ec9124601ffd858f69f42423ec,duplicate_of:linkedin-editor-71
all-400,pack_all_v1,linkedin_editor_raw,classic,2b3d524e2ef0fb6e2fdf55107fb776a5d3de0dddefc152fd99dd8bd5ae8c68a5,duplicate_of:linkedin-editor-252
all-140,pack_all_v1,unified,classic,2b5879ed3757e96a8793b6d511293b00ecaf77d64e657e17688d5967a733cccb,duplicate_of:linkedin-editor-22
all-300,pack_all_v1,linkedin_editor,classic,2b5879ed3757e96a8793b6d511293b00ecaf77d64e657e17688d5967a733cccb,duplicate_of:linkedin-editor-22
linkedin-editor-131,pack_linkedin_editor_v1,linkedin_editor,classic,2b5879ed3757e96a8793b6d511293b00ecaf77d64e657e17688d5967a733cccb,duplicate_of:linkedin-editor-22
all-207,pack_all_v1,unified,classic,2f3b12abfded1eabfecb0862125616a577f06bd94b0039363655b9b1fbde280c,duplicate_of:linkedin-editor-247
all-196,pack_all_v1,unified,classic,2fe6b8aaee53f7879b1d93bdc2bcea13f51dc6e332f08c7cd0ecdcae69e35658,duplicate_of:linkedin-editor-227
all-113,pack_all_v1,unified,classic,3175e37784ebf3bb21ac17b2ad0515514a31434a00a6f06c3a7bc3a50c1ed576,duplicate_of:linkedin-editor-74
all-259,pack_all_v1,linkedin_editor,classic,3175e37784ebf3bb21ac17b2ad0515514a31434a00a6f06c3a7bc3a50c1ed576,duplicate_of:linkedin-editor-74
all-260,pack_all_v1,linkedin_editor,classic,3175e37784ebf3bb21ac17b2ad0515514a31434a00a6f06c3a7bc3a50c1ed576,duplicate_of:linkedin-editor-74
all-351,pack_all_v1,linkedin_editor,classic,3175e37784ebf3bb21ac17b2ad0515514a31434a00a6f06c3a7bc3a50c1ed576,duplicate_of:linkedin-editor-74
all-355,pack_all_v1,linkedin_editor,classic,3175e37784ebf3bb21ac17b2ad0515514a31434a00a6f06c3a7bc3a50c1ed576,duplicate_of:linkedin-editor-74
linkedin-editor-78,pack_linkedin_editor_v1,linkedin_editor,classic,3175e37784ebf3bb21ac17b2ad0515514a31434a00a6f06c3a7bc3a50c1ed576,duplicate_of:linkedin-editor-74
linkedin-editor-183,pack_linkedin_editor_v1,linkedin_editor,classic,3175e37784ebf3bb21ac17b2ad0515514a31434a00a6f06c3a7bc3a50c1ed576,duplicate_of:linkedin-editor-74
linkedin-editor-187,pack_linkedin_editor_v1,linkedin_editor,classic,3175e37784ebf3bb21ac17b2ad0515514a31434a00a6f06c3a7bc3a50c1ed576,duplicate_of:linkedin-editor-74
all-168,pack_all_v1,unified,classic,324a2732853b89851e11524915a91b413107fff7d708bc1a44fa09885b83b620,duplicate_of:linkedin-editor-65
all-342,pack_all_v1,linkedin_editor,classic,324a2732853b89851e11524915a91b413107fff7d708bc1a44fa09885b83b620,duplicate_of:linkedin-editor-65
linkedin-editor-174,pack_linkedin_editor_v1,linkedin_editor,classic,324a2732853b89851e11524915a91b413107fff7d708bc1a44fa09885b83b620,duplicate_of:linkedin-editor-65
all-105,pack_all_v1,unified,classic,35afed47de4893ad5ac8bba01e0977161f6e6d7563b33f64f1bde4aed4b89edc,duplicate_of:linkedin-editor-62
all-251,pack_all_v1,linkedin_editor,classic,35afed47de4893ad5ac8bba01e0977161f6e6d7563b33f64f1bde4aed4b89edc,duplicate_of:linkedin-editor-62
all-339,pack_all_v1,linkedin_editor,classic,35afed47de4893ad5ac8bba01e0977161f6e6d7563b33f64f1bde4aed4b89edc,duplicate_of:linkedin-editor-62
linkedin-editor-171,pack_linkedin_editor_v1,linkedin_editor,classic,35afed47de4893ad5ac8bba01e0977161f6e6d7563b33f64f1bde4aed4b89edc,duplicate_of:linkedin-editor-62
all-211,pack_all_v1,unified,classic,39b4da61d8a7c9ad8dc3a6fb71dd9c727555d55d3aa1416a72873ee4c7f77873,duplicate_of:linkedin-js-4
all-117,pack_all_v1,unified,classic,3b66af500b715f553f6f8ab7d736b9521d225d65171a7411c144fa561a248452,duplicate_of:linkedin-editor-85
all-265,pack_all_v1,linkedin_editor,classic,3b66af500b715f553f6f8ab7d736b9521d225d65171a7411c144fa561a248452,duplicate_of:linkedin-editor-85
all-362,pack_all_v1,linkedin_editor,classic,3b66af500b715f553f6f8ab7d736b9521d225d65171a7411c144fa561a248452,duplicate_of:linkedin-editor-85
linkedin-editor-194,pack_linkedin_editor_v1,linkedin_editor,classic,3b66af500b715f553f6f8ab7d736b9521d225d65171a7411c144fa561a248452,duplicate_of:linkedin-editor-85
all-144,pack_all_v1,unified,classic,3d12378f2b8910a0fe69c24cd64ef6424bd61369699dd4564ef38f841debcde1,duplicate_of:linkedin-editor-26
all-304,pack_all_v1,linkedin_editor,classic,3d12378f2b8910a0fe69c24cd64ef6424bd61369699dd4564ef38f841debcde1,duplicate_of:linkedin-editor-26
linkedin-editor-135,pack_linkedin_editor_v1,linkedin_editor,classic,3d12378f2b8910a0fe69c24cd64ef6424bd61369699dd4564ef38f841debcde1,duplicate_of:linkedin-editor-26
all-147,pack_all_v1,unified,classic,3e571327bc4e51a62fc61510ac56dc1af2e2060f918a5eea9ed8c44c4f5a9dce,duplicate_of:linkedin-editor-31
all-309,pack_all_v1,linkedin_editor,classic,3e571327bc4e51a62fc61510ac56dc1af2e2060f918a5eea9ed8c44c4f5a9dce,duplicate_of:linkedin-editor-31
linkedin-editor-140,pack_linkedin_editor_v1,linkedin_editor,classic,3e571327bc4e51a62fc61510ac56dc1af2e2060f918a5eea9ed8c44c4f5a9dce,duplicate_of:linkedin-editor-31
all-185,pack_all_v1,unified,classic,43b0deb0bfdb227a02388201d42232b1ce6479b13700ef3521f7e33796b55f8f,duplicate_of:linkedin-editor-108
all-385,pack_all_v1,linkedin_editor,classic,43b0deb0bfdb227a02388201d42232b1ce6479b13700ef3521f7e33796b55f8f,duplicate_of:linkedin-editor-108
linkedin-editor-217,pack_linkedin_editor_v1,linkedin_editor,classic,43b0deb0bfdb227a02388201d42232b1ce6479b13700ef3521f7e33796b55f8f,duplicate_of:linkedin-editor-108
all-217,pack_all_v1,unified,classic,458607f321b9c7c082683ba70d5768f2702bbd56067a5fa1af227db6f94bcb98,duplicate_of:linkedin-js-10
all-189,pack_all_v1,unified,classic,4a42f72266a7a6f0854576f6206196a32484b369f2a19949bd89e4b936993948,duplicate_of:linkedin-editor-220
all-137,pack_all_v1,unified,classic,4c2685cd184c0810a015340e122de6ac3f836743f2eeb569e4da9a016d391366,duplicate_of:linkedin-editor-17
all-295,pack_all_v1,linkedin_editor,classic,4c2685cd184c0810a015340e122de6ac3f836743f2eeb569e4da9a016d391366,duplicate_of:linkedin-editor-17
linkedin-editor-126,pack_linkedin_editor_v1,linkedin_editor,classic,4c2685cd184c0810a015340e122de6ac3f836743f2eeb569e4da9a016d391366,duplicate_of:linkedin-editor-17
all-115,pack_all_v1,unified,classic,4da021d2beaa99acfae2dc46bc3301b73626ea117d1b0ba81f494e20d2713503,duplicate_of:linkedin-editor-81
all-262,pack_all_v1,linkedin_editor,classic,4da021d2beaa99acfae2dc46bc3301b73626ea117d1b0ba81f494e20d2713503,duplicate_of:linkedin-editor-81
all-358,pack_all_v1,linkedin_editor,classic,4da021d2beaa99acfae2dc46bc3301b73626ea117d1b0ba81f494e20d2713503,duplicate_of:linkedin-editor-81
linkedin-editor-190,pack_linkedin_editor_v1,linkedin_editor,classic,4da021d2beaa99acfae2dc46bc3301b73626ea117d1b0ba81f494e20d2713503,duplicate_of:linkedin-editor-81
all-205,pack_all_v1,unified,classic,50c96cba11c61ffc15d1ecd399c88340a693455775fcdf3e1ed8bc04bf00a2c9,duplicate_of:linkedin-editor-244
all-397,pack_all_v1,linkedin_editor_raw,classic,55c02c107c392562c8def24eaf9d0ed23ea8fa4656ffa23a7888e750a07dee9c,duplicate_of:linkedin-editor-249
all-154,pack_all_v1,unified,classic,56cfc784f123c2925c8cd9b9497d4dc8443224b92162321d30c7998cba9fb87b,duplicate_of:linkedin-editor-39
all-316,pack_all_v1,linkedin_editor,classic,56cfc784f123c2925c8cd9b9497d4dc8443224b92162321d30c7998cba9fb87b,duplicate_of:linkedin-editor-39
linkedin-editor-148,pack_linkedin_editor_v1,linkedin_editor,classic,56cfc784f123c2925c8cd9b9497d4dc8443224b92162321d30c7998cba9fb87b,duplicate_of:linkedin-editor-39
all-164,pack_all_v1,unified,classic,5815c1b10309ff68ef0d461bd88b54cc2a0e351d31232eff6f67e5680547b831,duplicate_of:linkedin-editor-53
all-270,pack_all_v1,linkedin_editor,classic,5815c1b10309ff68ef0d461bd88b54cc2a0e351d31232eff6f67e5680547b831,duplicate_of:linkedin-editor-53
all-330,pack_all_v1,linkedin_editor,classic,5815c1b10309ff68ef0d461bd88b54cc2a0e351d31232eff6f67e5680547b831,duplicate_of:linkedin-editor-53
all-369,pack_all_v1,linkedin_editor,classic,5815c1b10309ff68ef0d461bd88b54cc2a0e351d31232eff6f67e5680547b831,duplicate_of:linkedin-editor-53
linkedin-editor-92,pack_linkedin_editor_v1,linkedin_editor,classic,5815c1b10309ff68ef0d461bd88b54cc2a0e351d31232eff6f67e5680547b831,duplicate_of:linkedin-editor-53
linkedin-editor-162,pack_linkedin_editor_v1,linkedin_editor,classic,5815c1b10309ff68ef0d461bd88b54cc2a0e351d31232eff6f67e5680547b831,duplicate_of:linkedin-editor-53
linkedin-editor-201,pack_linkedin_editor_v1,linkedin_editor,classic,5815c1b10309ff68ef0d461bd88b54cc2a0e351d31232eff6f67e5680547b831,duplicate_of:linkedin-editor-53
all-98,pack_all_v1,unified,classic,5956cc79686c4b72ecdbb810f405354efa9ee732089f926950672235c1a2017a,duplicate_of:linkedin-editor-49
all-243,pack_all_v1,linkedin_editor,classic,5956cc79686c4b72ecdbb810f405354efa9ee732089f926950672235c1a2017a,duplicate_of:linkedin-editor-49
all-326,pack_all_v1,linkedin_editor,classic,5956cc79686c4b72ecdbb810f405354efa9ee732089f926950672235c1a2017a,duplicate_of:linkedin-editor-49
all-390,pack_all_v1,linkedin_editor,classic,5956cc79686c4b72ecdbb810f405354efa9ee732089f926950672235c1a2017a,duplicate_of:linkedin-editor-49
linkedin-editor-158,pack_linkedin_editor_v1,linkedin_editor,classic,5956cc79686c4b72ecdbb810f405354efa9ee732089f926950672235c1a2017a,duplicate_of:linkedin-editor-49
linkedin-editor-234,pack_linkedin_editor_v1,linkedin_editor,classic,5956cc79686c4b72ecdbb810f405354efa9ee732089f926950672235c1a2017a,duplicate_of:linkedin-editor-49
all-216,pack_all_v1,unified,classic,59a486f3746d1948639d5bba34493280254584e3cbd2b904b02931021253ffcd,duplicate_of:linkedin-js-9
all-104,pack_all_v1,unified,classic,5ae04877b9e286f4b5a348bdd5c5c43464e2a505c4f3052f50f89866a45d80ad,duplicate_of:linkedin-editor-61
all-250,pack_all_v1,linkedin_editor,classic,5ae04877b9e286f4b5a348bdd5c5c43464e2a505c4f3052f50f89866a45d80ad,duplicate_of:linkedin-editor-61
all-338,pack_all_v1,linkedin_editor,classic,5ae04877b9e286f4b5a348bdd5c5c43464e2a505c4f3052f50f89866a45d80ad,duplicate_of:linkedin-editor-61
linkedin-editor-170,pack_linkedin_editor_v1,linkedin_editor,classic,5ae04877b9e286f4b5a348bdd5c5c43464e2a505c4f3052f50f89866a45d80ad,duplicate_of:linkedin-editor-61
all-209,pack_all_v1,unified,classic,5b15a6d256c90b5c3769bc95f0fe7ea27897fce04c373fc10eff197aeb37d1bc,duplicate_of:linkedin-js-2
all-187,pack_all_v1,unified,classic,6041790866994452f0b3c152b7a9f71fd72565ca52902d065ff64f070c3ec825,duplicate_of:linkedin-editor-125
all-107,pack_all_v1,unified,classic,6415c1231e0e05d75f82dc485cdfe6cedcd0cfed1ff557a16aea4faba45ec321,duplicate_of:linkedin-editor-64
all-253,pack_all_v1,linkedin_editor,classic,6415c1231e0e05d75f82dc485cdfe6cedcd0cfed1ff557a16aea4faba45ec321,duplicate_of:linkedin-editor-64
all-341,pack_all_v1,linkedin_editor,classic,6415c1231e0e05d75f82dc485cdfe6cedcd0cfed1ff557a16aea4faba45ec321,duplicate_of:linkedin-editor-64
linkedin-editor-173,pack_linkedin_editor_v1,linkedin_editor,classic,6415c1231e0e05d75f82dc485cdfe6cedcd0cfed1ff557a16aea4faba45ec321,duplicate_of:linkedin-editor-64
all-194,pack_all_v1,unified,classic,646a5e0fa812760d1dbabc6eaf4d2c14b825533a64a96d5533b13624ec83ad47,duplicate_of:linkedin-editor-225
all-134,pack_all_v1,unified,classic,65a772d2e57a6b2bf944f1c131459d6bc9099e69b66b65715c025d0670adc52f,duplicate_of:linkedin-editor-13
all-292,pack_all_v1,linkedin_editor,classic,65a772d2e57a6b2bf944f1c131459d6bc9099e69b66b65715c025d0670adc52f,duplicate_of:linkedin-editor-13
linkedin-editor-122,pack_linkedin_editor_v1,linkedin_editor,classic,65a772d2e57a6b2bf944f1c131459d6bc9099e69b66b65715c025d0670adc52f,duplicate_of:linkedin-editor-13
all-139,pack_all_v1,unified,classic,68af7cfc41c96b4adbe9027396e294561ed46646b754facd516e92b5de738040,duplicate_of:linkedin-editor-19
all-297,pack_all_v1,linkedin_editor,classic,68af7cfc41c96b4adbe9027396e294561ed46646b754facd516e92b5de738040,duplicate_of:linkedin-editor-19
linkedin-editor-128,pack_linkedin_editor_v1,linkedin_editor,classic,68af7cfc41c96b4adbe9027396e294561ed46646b754facd516e92b5de738040,duplicate_of:linkedin-editor-19
all-219,pack_all_v1,unified,classic,6b1f00851319bb8ba0ea0c2cea17913b3aa4e303a736d7ceb21f20c442b7c4b7,duplicate_of:linkedin-js-12
all-186,pack_all_v1,unified,classic,6c4f6395b6fbc5bd9cc5c28c7139dfa25744cca3af1956fdda13357398b807b4,duplicate_of:linkedin-editor-109
all-386,pack_all_v1,linkedin_editor,classic,6c4f6395b6fbc5bd9cc5c28c7139dfa25744cca3af1956fdda13357398b807b4,duplicate_of:linkedin-editor-109
linkedin-editor-218,pack_linkedin_editor_v1,linkedin_editor,classic,6c4f6395b6fbc5bd9cc5c28c7139dfa25744cca3af1956fdda13357398b807b4,duplicate_of:linkedin-editor-109
all-160,pack_all_v1,unified,classic,6d240eff2a176f71f7425e7ada934cb84f6ed5d851a756ec3ab5d7ed421be01c,duplicate_of:linkedin-editor-45
all-322,pack_all_v1,linkedin_editor,classic,6d240eff2a176f71f7425e7ada934cb84f6ed5d851a756ec3ab5d7ed421be01c,duplicate_of:linkedin-editor-45
linkedin-editor-154,pack_linkedin_editor_v1,linkedin_editor,classic,6d240eff2a176f71f7425e7ada934cb84f6ed5d851a756ec3ab5d7ed421be01c,duplicate_of:linkedin-editor-45
all-404,pack_all_v1,linkedin_editor,classic,6efb6af11925fa81a005fccc985e2a6e2e8c37f5dec1b9f6fd78027f69b959d2,duplicate_of:linkedin-editor-256
all-167,pack_all_v1,unified,classic,6fb51b27b3fb0a911b569298a21032fcd4c43612ad66e3e6abff1453ca696e41,duplicate_of:linkedin-editor-60
all-337,pack_all_v1,linkedin_editor,classic,6fb51b27b3fb0a911b569298a21032fcd4c43612ad66e3e6abff1453ca696e41,duplicate_of:linkedin-editor-60
all-391,pack_all_v1,linkedin_editor,classic,6fb51b27b3fb0a911b569298a21032fcd4c43612ad66e3e6abff1453ca696e41,duplicate_of:linkedin-editor-60
linkedin-editor-169,pack_linkedin_editor_v1,linkedin_editor,classic,6fb51b27b3fb0a911b569298a21032fcd4c43612ad66e3e6abff1453ca696e41,duplicate_of:linkedin-editor-60
linkedin-editor-235,pack_linkedin_editor_v1,linkedin_editor,classic,6fb51b27b3fb0a911b569298a21032fcd4c43612ad66e3e6abff1453ca696e41,duplicate_of:linkedin-editor-60
all-182,pack_all_v1,unified,classic,7319b99d0e501a99cfe29ad8b42e0305a2801ab91e1dd2e4612ca9c2a078bce1,duplicate_of:linkedin-editor-105
all-382,pack_all_v1,linkedin_editor,classic,7319b99d0e501a99cfe29ad8b42e0305a2801ab91e1dd2e4612ca9c2a078bce1,duplicate_of:linkedin-editor-105
linkedin-editor-214,pack_linkedin_editor_v1,linkedin_editor,classic,7319b99d0e501a99cfe29ad8b42e0305a2801ab91e1dd2e4612ca9c2a078bce1,duplicate_of:linkedin-editor-105
all-106,pack_all_v1,unified,classic,742313eb2f3df172100955befcd92b23256550e7f2915d93d3659d8fe369dec0,duplicate_of:linkedin-editor-63
all-252,pack_all_v1,linkedin_editor,classic,742313eb2f3df172100955befcd92b23256550e7f2915d93d3659d8fe369dec0,duplicate_of:linkedin-editor-63
all-340,pack_all_v1,linkedin_editor,classic,742313eb2f3df172100955befcd92b23256550e7f2915d93d3659d8fe369dec0,duplicate_of:linkedin-editor-63
linkedin-editor-172,pack_linkedin_editor_v1,linkedin_editor,classic,742313eb2f3df172100955befcd92b23256550e7f2915d93d3659d8fe369dec0,duplicate_of:linkedin-editor-63
all-200,pack_all_v1,unified,classic,74baa17b31b7cf138d2af12adb351d1ac2dca40bafebe67e0c1548588604cd36,duplicate_of:linkedin-editor-239
all-152,pack_all_v1,unified,classic,75bb8e6d3d35dcdbe77f9df96ccf9f643d58b7cb0c4439e6af7bd9236a644855,duplicate_of:linkedin-editor-37
all-314,pack_all_v1,linkedin_editor,classic,75bb8e6d3d35dcdbe77f9df96ccf9f643d58b7cb0c4439e6af7bd9236a644855,duplicate_of:linkedin-editor-37
linkedin-editor-146,pack_linkedin_editor_v1,linkedin_editor,classic,75bb8e6d3d35dcdbe77f9df96ccf9f643d58b7cb0c4439e6af7bd9236a644855,duplicate_of:linkedin-editor-37
all-122,pack_all_v1,unified,classic,75e81ed567c3e0f8f7f79f744af796b20f597cff0b414011da7839c218050866,duplicate_of:linkedin-editor-93
all-271,pack_all_v1,linkedin_editor,classic,75e81ed567c3e0f8f7f79f744af796b20f597cff0b414011da7839c218050866,duplicate_of:linkedin-editor-93
all-370,pack_all_v1,linkedin_editor,classic,75e81ed567c3e0f8f7f79f744af796b20f597cff0b414011da7839c218050866,duplicate_of:linkedin-editor-93
linkedin-editor-202,pack_linkedin_editor_v1,linkedin_editor,classic,75e81ed567c3e0f8f7f79f744af796b20f597cff0b414011da7839c218050866,duplicate_of:linkedin-editor-93
all-184,pack_all_v1,unified,classic,781b5ba3801c771adb27f34ba456305c95d3bd9b8c8f4f14abde2fe8be23bbba,duplicate_of:linkedin-editor-107
all-384,pack_all_v1,linkedin_editor,classic,781b5ba3801c771adb27f34ba456305c95d3bd9b8c8f4f14abde2fe8be23bbba,duplicate_of:linkedin-editor-107
linkedin-editor-216,pack_linkedin_editor_v1,linkedin_editor,classic,781b5ba3801c771adb27f34ba456305c95d3bd9b8c8f4f14abde2fe8be23bbba,duplicate_of:linkedin-editor-107
all-401,pack_all_v1,linkedin_editor_raw,classic,7893553fbf5f55984aab44e85f79d312693583af05e67ae15cac18e0bfd9cd46,duplicate_of:linkedin-editor-253
all-180,pack_all_v1,unified,classic,7c1c9327763a515ca4dfcc97c006abb17843c130d4a9bb064cf1b58f10dbd2da,duplicate_of:linkedin-editor-100
all-377,pack_all_v1,linkedin_editor,classic,7c1c9327763a515ca4dfcc97c006abb17843c130d4a9bb064cf1b58f10dbd2da,duplicate_of:linkedin-editor-100
linkedin-editor-209,pack_linkedin_editor_v1,linkedin_editor,classic,7c1c9327763a515ca4dfcc97c006abb17843c130d4a9bb064cf1b58f10dbd2da,duplicate_of:linkedin-editor-100
all-141,pack_all_v1,unified,classic,7dba302e62c1b732b6b359c0ad4363bdbf4146824c0d2356a0ff9c8aab94f1df,duplicate_of:linkedin-editor-23
all-301,pack_all_v1,linkedin_editor,classic,7dba302e62c1b732b6b359c0ad4363bdbf4146824c0d2356a0ff9c8aab94f1df,duplicate_of:linkedin-editor-23
linkedin-editor-132,pack_linkedin_editor_v1,linkedin_editor,classic,7dba302e62c1b732b6b359c0ad4363bdbf4146824c0d2356a0ff9c8aab94f1df,duplicate_of:linkedin-editor-23
all-159,pack_all_v1,unified,classic,806aae29bae81b6b152940f23dc346e3567611aff450f87a672f308063884c0f,duplicate_of:linkedin-editor-44
all-321,pack_all_v1,linkedin_editor,classic,806aae29bae81b6b152940f23dc346e3567611aff450f87a672f308063884c0f,duplicate_of:linkedin-editor-44
linkedin-editor-153,pack_linkedin_editor_v1,linkedin_editor,classic,806aae29bae81b6b152940f23dc346e3567611aff450f87a672f308063884c0f,duplicate_of:linkedin-editor-44
all-178,pack_all_v1,unified,classic,8359ea2ffdfdff0b817308da6265cad4e7889f8582686da451ea8434f63b104c,duplicate_of:linkedin-editor-91
all-368,pack_all_v1,linkedin_editor,classic,8359ea2ffdfdff0b817308da6265cad4e7889f8582686da451ea8434f63b104c,duplicate_of:linkedin-editor-91
linkedin-editor-200,pack_linkedin_editor_v1,linkedin_editor,classic,8359ea2ffdfdff0b817308da6265cad4e7889f8582686da451ea8434f63b104c,duplicate_of:linkedin-editor-91
all-155,pack_all_v1,unified,classic,83a7b7ab366ec177a0841871df8b6f1f6aa1bc5f25c8ffcd22c98d40f3e05ff0,duplicate_of:linkedin-editor-40
all-317,pack_all_v1,linkedin_editor,classic,83a7b7ab366ec177a0841871df8b6f1f6aa1bc5f25c8ffcd22c98d40f3e05ff0,duplicate_of:linkedin-editor-40
linkedin-editor-149,pack_linkedin_editor_v1,linkedin_editor,classic,83a7b7ab366ec177a0841871df8b6f1f6aa1bc5f25c8ffcd22c98d40f3e05ff0,duplicate_of:linkedin-editor-40
all-116,pack_all_v1,unified,classic,8707f3d486b74f64660a5de25145594a299bac2a988d39053dc6ee3f430e609a,duplicate_of:linkedin-editor-83
all-264,pack_all_v1,linkedin_editor,classic,8707f3d486b74f64660a5de25145594a299bac2a988d39053dc6ee3f430e609a,duplicate_of:linkedin-editor-83
all-360,pack_all_v1,linkedin_editor,classic,8707f3d486b74f64660a5de25145594a299bac2a988d39053dc6ee3f430e609a,duplicate_of:linkedin-editor-83
linkedin-editor-192,pack_linkedin_editor_v1,linkedin_editor,classic,8707f3d486b74f64660a5de25145594a299bac2a988d39053dc6ee3f430e609a,duplicate_of:linkedin-editor-83
all-121,pack_all_v1,unified,classic,87364b55d29216bce584c7cf431b8b5432eb9944fef0067e07e732678bceab26,duplicate_of:linkedin-editor-90
all-269,pack_all_v1,linkedin_editor,classic,87364b55d29216bce584c7cf431b8b5432eb9944fef0067e07e732678bceab26,duplicate_of:linkedin-editor-90
all-367,pack_all_v1,linkedin_editor,classic,87364b55d29216bce584c7cf431b8b5432eb9944fef0067e07e732678bceab26,duplicate_of:linkedin-editor-90
all-393,pack_all_v1,linkedin_editor,classic,87364b55d29216bce584c7cf431b8b5432eb9944fef0067e07e732678bceab26,duplicate_of:linkedin-editor-90
linkedin-editor-199,pack_linkedin_editor_v1,linkedin_editor,classic,87364b55d29216bce584c7cf431b8b5432eb9944fef0067e07e732678bceab26,duplicate_of:linkedin-editor-90
linkedin-editor-237,pack_linkedin_editor_v1,linkedin_editor,classic,87364b55d29216bce584c7cf431b8b5432eb9944fef0067e07e732678bceab26,duplicate_of:linkedin-editor-90
all-124,pack_all_v1,unified,classic,88cf7d77dbef8486c76dd469b190e5e5132efef5a2a5892de0cdc4a2eff00b52,duplicate_of:linkedin-editor-96
all-273,pack_all_v1,linkedin_editor,classic,88cf7d77dbef8486c76dd469b190e5e5132efef5a2a5892de0cdc4a2eff00b52,duplicate_of:linkedin-editor-96
all-373,pack_all_v1,linkedin_editor,classic,88cf7d77dbef8486c76dd469b190e5e5132efef5a2a5892de0cdc4a2eff00b52,duplicate_of:linkedin-editor-96
linkedin-editor-205,pack_linkedin_editor_v1,linkedin_editor,classic,88cf7d77dbef8486c76dd469b190e5e5132efef5a2a5892de0cdc4a2eff00b52,duplicate_of:linkedin-editor-96
all-191,pack_all_v1,unified,classic,893cfc3def31b23344cd5b92d7b72326d78fe7e41db7672e00c31aa1820e30e5,duplicate_of:linkedin-editor-222
all-226,pack_all_v1,unified,classic,89d70866b41e6aed612ea975e431d6c3c12b6bcdf52e55b2b4346b10d26c55f8,duplicate_of:linkedin-js-19
all-202,pack_all_v1,unified,classic,8acddb78391ee9159c2718474a58f9126cd51cbb9c56025370d01f9798919cd2,duplicate_of:linkedin-editor-241
all-171,pack_all_v1,unified,classic,8bddb9413b96ffafaca9b605daf9746813775459e9e4c9937bd9f49ce6f12725,duplicate_of:linkedin-editor-73
all-350,pack_all_v1,linkedin_editor,classic,8bddb9413b96ffafaca9b605daf9746813775459e9e4c9937bd9f49ce6f12725,duplicate_of:linkedin-editor-73
linkedin-editor-182,pack_linkedin_editor_v1,linkedin_editor,classic,8bddb9413b96ffafaca9b605daf9746813775459e9e4c9937bd9f49ce6f12725,duplicate_of:linkedin-editor-73
all-84,pack_all_v1,unified,classic,8f4f7bc16ab2ddf7613839dbb8c0a3f42c589d22e0b38a055b5fb15f7c5c1636,duplicate_of:linkedin-editor-3
all-229,pack_all_v1,linkedin_editor,classic,8f4f7bc16ab2ddf7613839dbb8c0a3f42c589d22e0b38a055b5fb15f7c5c1636,duplicate_of:linkedin-editor-3
all-282,pack_all_v1,linkedin_editor,classic,8f4f7bc16ab2ddf7613839dbb8c0a3f42c589d22e0b38a055b5fb15f7c5c1636,duplicate_of:linkedin-editor-3
linkedin-editor-112,pack_linkedin_editor_v1,linkedin_editor,classic,8f4f7bc16ab2ddf7613839dbb8c0a3f42c589d22e0b38a055b5fb15f7c5c1636,duplicate_of:linkedin-editor-3
all-398,pack_all_v1,linkedin_editor_raw,classic,91ff6a9a280cb0acbe86c9b989525ae4f6cf3cc8577e8e8924085e4f4e3f14b1,duplicate_of:linkedin-editor-250
all-149,pack_all_v1,unified,classic,928f77f1fa364773fd9e92c74c2da193ee5345e495ebfb9ed9d20a61c30f6af2,duplicate_of:linkedin-editor-34
all-311,pack_all_v1,linkedin_editor,classic,928f77f1fa364773fd9e92c74c2da193ee5345e495ebfb9ed9d20a61c30f6af2,duplicate_of:linkedin-editor-34
linkedin-editor-143,pack_linkedin_editor_v1,linkedin_editor,classic,928f77f1fa364773fd9e92c74c2da193ee5345e495ebfb9ed9d20a61c30f6af2,duplicate_of:linkedin-editor-34
all-77,pack_all_v1,unified,classic,9365ab484dc03eef26d890a62eef333f807407013927fe77e9ead2c042e42732,duplicate_of:linkedin-editor-6
all-231,pack_all_v1,linkedin_editor,classic,9365ab484dc03eef26d890a62eef333f807407013927fe77e9ead2c042e42732,duplicate_of:linkedin-editor-6
all-285,pack_all_v1,linkedin_editor,classic,9365ab484dc03eef26d890a62eef333f807407013927fe77e9ead2c042e42732,duplicate_of:linkedin-editor-6
linkedin-editor-115,pack_linkedin_editor_v1,linkedin_editor,classic,9365ab484dc03eef26d890a62eef333f807407013927fe77e9ead2c042e42732,duplicate_of:linkedin-editor-6
all-192,pack_all_v1,unified,classic,978787310f19105530f53b8e9d9e51b5fad19649e49702560cc70b38e64a618b,duplicate_of:linkedin-editor-223
all-79,pack_all_v1,unified,classic,9882193b47884cbcc4d76d323b7feed935e27492edae5c8a6b3ea5c223fbb28c,duplicate_of:linkedin-editor-8
all-233,pack_all_v1,linkedin_editor,classic,9882193b47884cbcc4d76d323b7feed935e27492edae5c8a6b3ea5c223fbb28c,duplicate_of:linkedin-editor-8
all-287,pack_all_v1,linkedin_editor,classic,9882193b47884cbcc4d76d323b7feed935e27492edae5c8a6b3ea5c223fbb28c,duplicate_of:linkedin-editor-8
linkedin-editor-117,pack_linkedin_editor_v1,linkedin_editor,classic,9882193b47884cbcc4d76d323b7feed935e27492edae5c8a6b3ea5c223fbb28c,duplicate_of:linkedin-editor-8
all-165,pack_all_v1,unified,classic,98a609ad72da18d47f38425b6d30a56088d27f8c04a17cb32e960b9016b497b1,duplicate_of:linkedin-editor-57
all-334,pack_all_v1,linkedin_editor,classic,98a609ad72da18d47f38425b6d30a56088d27f8c04a17cb32e960b9016b497b1,duplicate_of:linkedin-editor-57
all-394,pack_all_v1,linkedin_editor,classic,98a609ad72da18d47f38425b6d30a56088d27f8c04a17cb32e960b9016b497b1,duplicate_of:linkedin-editor-57
linkedin-editor-166,pack_linkedin_editor_v1,linkedin_editor,classic,98a609ad72da18d47f38425b6d30a56088d27f8c04a17cb32e960b9016b497b1,duplicate_of:linkedin-editor-57
linkedin-editor-238,pack_linkedin_editor_v1,linkedin_editor,classic,98a609ad72da18d47f38425b6d30a56088d27f8c04a17cb32e960b9016b497b1,duplicate_of:linkedin-editor-57
all-92,pack_all_v1,unified,classic,98d0de66901cef35bd5995ef6449c10b17f134ad4fcd256b5452119a48c52105,duplicate_of:linkedin-editor-27
all-240,pack_all_v1,linkedin_editor,classic,98d0de66901cef35bd5995ef6449c10b17f134ad4fcd256b5452119a48c52105,duplicate_of:linkedin-editor-27
all-305,pack_all_v1,linkedin_editor,classic,98d0de66901cef35bd5995ef6449c10b17f134ad4fcd256b5452119a48c52105,duplicate_of:linkedin-editor-27
linkedin-editor-136,pack_linkedin_editor_v1,linkedin_editor,classic,98d0de66901cef35bd5995ef6449c10b17f134ad4fcd256b5452119a48c52105,duplicate_of:linkedin-editor-27
all-156,pack_all_v1,unified,classic,996a166e0d474e2a84b4f7bb03bfc41e769ac3e334ff958259dd984d699b5a68,duplicate_of:linkedin-editor-41
all-318,pack_all_v1,linkedin_editor,classic,996a166e0d474e2a84b4f7bb03bfc41e769ac3e334ff958259dd984d699b5a68,duplicate_of:linkedin-editor-41
linkedin-editor-150,pack_linkedin_editor_v1,linkedin_editor,classic,996a166e0d474e2a84b4f7bb03bfc41e769ac3e334ff958259dd984d699b5a68,duplicate_of:linkedin-editor-41
all-193,pack_all_v1,unified,classic,9bd993173df75bfc5a498522b7f951cd9e7b835e9aef54a460b3e49dc09a7613,duplicate_of:linkedin-editor-224
all-173,pack_all_v1,unified,classic,9c89310da27cc80e799041fa930a6ee131ff15d1d177e22d13efae14c99aee88,duplicate_of:linkedin-editor-76
all-353,pack_all_v1,linkedin_editor,classic,9c89310da27cc80e799041fa930a6ee131ff15d1d177e22d13efae14c99aee88,duplicate_of:linkedin-editor-76
all-388,pack_all_v1,linkedin_editor,classic,9c89310da27cc80e799041fa930a6ee131ff15d1d177e22d13efae14c99aee88,duplicate_of:linkedin-editor-76
linkedin-editor-185,pack_linkedin_editor_v1,linkedin_editor,classic,9c89310da27cc80e799041fa930a6ee131ff15d1d177e22d13efae14c99aee88,duplicate_of:linkedin-editor-76
linkedin-editor-232,pack_linkedin_editor_v1,linkedin_editor,classic,9c89310da27cc80e799041fa930a6ee131ff15d1d177e22d13efae14c99aee88,duplicate_of:linkedin-editor-76
all-146,pack_all_v1,unified,classic,9d4837bf63e241cc082b124901c311063179b00c0a3ea9b83e9f120e17f50173,duplicate_of:linkedin-editor-30
all-308,pack_all_v1,linkedin_editor,classic,9d4837bf63e241cc082b124901c311063179b00c0a3ea9b83e9f120e17f50173,duplicate_of:linkedin-editor-30
linkedin-editor-139,pack_linkedin_editor_v1,linkedin_editor,classic,9d4837bf63e241cc082b124901c311063179b00c0a3ea9b83e9f120e17f50173,duplicate_of:linkedin-editor-30
all-403,pack_all_v1,linkedin_editor_raw,classic,a19936ce5f9216c228b1716c0a9126eef5978b72f525cec0e3ac6d3c3543be51,duplicate_of:linkedin-editor-255
all-162,pack_all_v1,unified,classic,a1a3c8784de95798840b624e96e3dd318d9127d55514cd1beec68b6d5bc73bb8,duplicate_of:linkedin-editor-47
all-324,pack_all_v1,linkedin_editor,classic,a1a3c8784de95798840b624e96e3dd318d9127d55514cd1beec68b6d5bc73bb8,duplicate_of:linkedin-editor-47
linkedin-editor-156,pack_linkedin_editor_v1,linkedin_editor,classic,a1a3c8784de95798840b624e96e3dd318d9127d55514cd1beec68b6d5bc73bb8,duplicate_of:linkedin-editor-47
all-111,pack_all_v1,unified,classic,a33e016bada10a3f4b71bdd2cc29fa8ed2e437d85a46d6ecb2e2a570c488301c,duplicate_of:linkedin-editor-69
all-256,pack_all_v1,linkedin_editor,classic,a33e016bada10a3f4b71bdd2cc29fa8ed2e437d85a46d6ecb2e2a570c488301c,duplicate_of:linkedin-editor-69
all-346,pack_all_v1,linkedin_editor,classic,a33e016bada10a3f4b71bdd2cc29fa8ed2e437d85a46d6ecb2e2a570c488301c,duplicate_of:linkedin-editor-69
linkedin-editor-178,pack_linkedin_editor_v1,linkedin_editor,classic,a33e016bada10a3f4b71bdd2cc29fa8ed2e437d85a46d6ecb2e2a570c488301c,duplicate_of:linkedin-editor-69
all-109,pack_all_v1,unified,classic,a4df09bb33f3fcc7664df68cc8f6662cd93d492241e3b1968561a15f425c0a33,duplicate_of:linkedin-editor-67
all-255,pack_all_v1,linkedin_editor,classic,a4df09bb33f3fcc7664df68cc8f6662cd93d492241e3b1968561a15f425c0a33,duplicate_of:linkedin-editor-67
all-344,pack_all_v1,linkedin_editor,classic,a4df09bb33f3fcc7664df68cc8f6662cd93d492241e3b1968561a15f425c0a33,duplicate_of:linkedin-editor-67
linkedin-editor-176,pack_linkedin_editor_v1,linkedin_editor,classic,a4df09bb33f3fcc7664df68cc8f6662cd93d492241e3b1968561a15f425c0a33,duplicate_of:linkedin-editor-67
all-151,pack_all_v1,unified,classic,a7d03d7202476dced557fc337a7934109032971b6846ab9b14243d5745ed56e9,duplicate_of:linkedin-editor-36
all-313,pack_all_v1,linkedin_editor,classic,a7d03d7202476dced557fc337a7934109032971b6846ab9b14243d5745ed56e9,duplicate_of:linkedin-editor-36
linkedin-editor-145,pack_linkedin_editor_v1,linkedin_editor,classic,a7d03d7202476dced557fc337a7934109032971b6846ab9b14243d5745ed56e9,duplicate_of:linkedin-editor-36
all-135,pack_all_v1,unified,classic,a85a89bc6d36d515225b9498330cee8858a85b57a32c362d7dd509f4500f4dd8,duplicate_of:linkedin-editor-14
all-293,pack_all_v1,linkedin_editor,classic,a85a89bc6d36d515225b9498330cee8858a85b57a32c362d7dd509f4500f4dd8,duplicate_of:linkedin-editor-14
linkedin-editor-123,pack_linkedin_editor_v1,linkedin_editor,classic,a85a89bc6d36d515225b9498330cee8858a85b57a32c362d7dd509f4500f4dd8,duplicate_of:linkedin-editor-14
all-169,pack_all_v1,unified,classic,a93bc183aa3ecdf975724a98323bde7bdff8dba47fb07f0fab2ffd54cd8d63c8,duplicate_of:linkedin-editor-68
all-345,pack_all_v1,linkedin_editor,classic,a93bc183aa3ecdf975724a98323bde7bdff8dba47fb07f0fab2ffd54cd8d63c8,duplicate_of:linkedin-editor-68
linkedin-editor-177,pack_linkedin_editor_v1,linkedin_editor,classic,a93bc183aa3ecdf975724a98323bde7bdff8dba47fb07f0fab2ffd54cd8d63c8,duplicate_of:linkedin-editor-68
all-218,pack_all_v1,unified,classic,ad7f016d5b4d2fa762bf92477c28496a49d75a86ca29579741452d78026910b3,duplicate_of:linkedin-js-11
all-222,pack_all_v1,unified,classic,af4b325945c1a404036318c7de7f2aee4027d946ebdfc04056bd0530921e497e,duplicate_of:linkedin-js-15
all-90,pack_all_v1,unified,classic,b31412e873ca34243a9dc7bddf93d561b437897f44523bdd08d10fab0f34690b,duplicate_of:linkedin-editor-21
all-239,pack_all_v1,linkedin_editor,classic,b31412e873ca34243a9dc7bddf93d561b437897f44523bdd08d10fab0f34690b,duplicate_of:linkedin-editor-21
all-299,pack_all_v1,linkedin_editor,classic,b31412e873ca34243a9dc7bddf93d561b437897f44523bdd08d10fab0f34690b,duplicate_of:linkedin-editor-21
linkedin-editor-130,pack_linkedin_editor_v1,linkedin_editor,classic,b31412e873ca34243a9dc7bddf93d561b437897f44523bdd08d10fab0f34690b,duplicate_of:linkedin-editor-21
all-197,pack_all_v1,unified,classic,b354d03cb59d1cf9a462135018c5573e70dc9f7cd3d1c632c254d22eeb3c1003,duplicate_of:linkedin-editor-228
all-179,pack_all_v1,unified,classic,b516501251eb4a5987c524fdf5affeb6c69bd81ae8e2d9725402d7a0117a8673,duplicate_of:linkedin-editor-94
all-371,pack_all_v1,linkedin_editor,classic,b516501251eb4a5987c524fdf5affeb6c69bd81ae8e2d9725402d7a0117a8673,duplicate_of:linkedin-editor-94
linkedin-editor-203,pack_linkedin_editor_v1,linkedin_editor,classic,b516501251eb4a5987c524fdf5affeb6c69bd81ae8e2d9725402d7a0117a8673,duplicate_of:linkedin-editor-94
all-175,pack_all_v1,unified,classic,b6062d3bc757ad17e2c312b6bd8895067a362ef8d8f5204e95648618257223e0,duplicate_of:linkedin-editor-80
all-357,pack_all_v1,linkedin_editor,classic,b6062d3bc757ad17e2c312b6bd8895067a362ef8d8f5204e95648618257223e0,duplicate_of:linkedin-editor-80
linkedin-editor-189,pack_linkedin_editor_v1,linkedin_editor,classic,b6062d3bc757ad17e2c312b6bd8895067a362ef8d8f5204e95648618257223e0,duplicate_of:linkedin-editor-80
all-153,pack_all_v1,unified,classic,b73eb07175f9746c03ef02d17e6c8a55a49178f926d2360dba22ba15f1b170a5,duplicate_of:linkedin-editor-38
all-315,pack_all_v1,linkedin_editor,classic,b73eb07175f9746c03ef02d17e6c8a55a49178f926d2360dba22ba15f1b170a5,duplicate_of:linkedin-editor-38
linkedin-editor-147,pack_linkedin_editor_v1,linkedin_editor,classic,b73eb07175f9746c03ef02d17e6c8a55a49178f926d2360dba22ba15f1b170a5,duplicate_of:linkedin-editor-38
all-402,pack_all_v1,linkedin_editor_raw,classic,b8e62d0974f79d81d268e37b8313733b5e39341d2400b33ed9a28dfee4c592d4,duplicate_of:linkedin-editor-254
all-206,pack_all_v1,unified,classic,b96fbc880fda8ce8dfb229452f5e3569c874c7972105aa9864df93ccf9acba7e,duplicate_of:linkedin-editor-245
all-203,pack_all_v1,unified,classic,ba0a2d0054e17f4ee2a612adf55db7fed9ea7812e9ca0e11eccb8cce342812ee,duplicate_of:linkedin-editor-242
all-126,pack_all_v1,unified,classic,bd2b7d209bd52f544752ca8f288ba64b551d2d32d2718b6e34482f09b2cac13b,duplicate_of:linkedin-editor-98
all-275,pack_all_v1,linkedin_editor,classic,bd2b7d209bd52f544752ca8f288ba64b551d2d32d2718b6e34482f09b2cac13b,duplicate_of:linkedin-editor-98
all-375,pack_all_v1,linkedin_editor,classic,bd2b7d209bd52f544752ca8f288ba64b551d2d32d2718b6e34482f09b2cac13b,duplicate_of:linkedin-editor-98
linkedin-editor-207,pack_linkedin_editor_v1,linkedin_editor,classic,bd2b7d209bd52f544752ca8f288ba64b551d2d32d2718b6e34482f09b2cac13b,duplicate_of:linkedin-editor-98
all-221,pack_all_v1,unified,classic,bd6abaecbf978ad484c3ee3c59b89f2e5642ba5af5d1e43ca1869e34e9ff1c54,duplicate_of:linkedin-js-14
all-103,pack_all_v1,unified,classic,bd7bc8424a4c22d35e28614e637d961a919505d25d540195905ed6ce0b46891c,duplicate_of:linkedin-editor-58
all-249,pack_all_v1,linkedin_editor,classic,bd7bc8424a4c22d35e28614e637d961a919505d25d540195905ed6ce0b46891c,duplicate_of:linkedin-editor-58
all-335,pack_all_v1,linkedin_editor,classic,bd7bc8424a4c22d35e28614e637d961a919505d25d540195905ed6ce0b46891c,duplicate_of:linkedin-editor-58
linkedin-editor-167,pack_linkedin_editor_v1,linkedin_editor,classic,bd7bc8424a4c22d35e28614e637d961a919505d25d540195905ed6ce0b46891c,duplicate_of:linkedin-editor-58
all-166,pack_all_v1,unified,classic,bfb558e953c5060ef6f56e214d9978c9e3743e8a3f2ed5212f844e37a27a4f48,duplicate_of:linkedin-editor-59
all-263,pack_all_v1,linkedin_editor,classic,bfb558e953c5060ef6f56e214d9978c9e3743e8a3f2ed5212f844e37a27a4f48,duplicate_of:linkedin-editor-59
all-336,pack_all_v1,linkedin_editor,classic,bfb558e953c5060ef6f56e214d9978c9e3743e8a3f2ed5212f844e37a27a4f48,duplicate_of:linkedin-editor-59
all-359,pack_all_v1,linkedin_editor,classic,bfb558e953c5060ef6f56e214d9978c9e3743e8a3f2ed5212f844e37a27a4f48,duplicate_of:linkedin-editor-59
linkedin-editor-82,pack_linkedin_editor_v1,linkedin_editor,classic,bfb558e953c5060ef6f56e214d9978c9e3743e8a3f2ed5212f844e37a27a4f48,duplicate_of:linkedin-editor-59
linkedin-editor-168,pack_linkedin_editor_v1,linkedin_editor,classic,bfb558e953c5060ef6f56e214d9978c9e3743e8a3f2ed5212f844e37a27a4f48,duplicate_of:linkedin-editor-59
linkedin-editor-191,pack_linkedin_editor_v1,linkedin_editor,classic,bfb558e953c5060ef6f56e214d9978c9e3743e8a3f2ed5212f844e37a27a4f48,duplicate_of:linkedin-editor-59
all-81,pack_all_v1,unified,classic,c1bd78f985e416471f7399baca5033c46eaafb530876fa8536f7d8a13749ae7c,duplicate_of:linkedin-editor-1
all-228,pack_all_v1,linkedin_editor,classic,c1bd78f985e416471f7399baca5033c46eaafb530876fa8536f7d8a13749ae7c,duplicate_of:linkedin-editor-1
all-280,pack_all_v1,linkedin_editor,classic,c1bd78f985e416471f7399baca5033c46eaafb530876fa8536f7d8a13749ae7c,duplicate_of:linkedin-editor-1
linkedin-editor-110,pack_linkedin_editor_v1,linkedin_editor,classic,c1bd78f985e416471f7399baca5033c46eaafb530876fa8536f7d8a13749ae7c,duplicate_of:linkedin-editor-1
all-157,pack_all_v1,unified,classic,c1ef16d5f57a8940bb47c7f0f7e5e3a08bd98965bf84b79465549f70e6b68d89,duplicate_of:linkedin-editor-42
all-319,pack_all_v1,linkedin_editor,classic,c1ef16d5f57a8940bb47c7f0f7e5e3a08bd98965bf84b79465549f70e6b68d89,duplicate_of:linkedin-editor-42
linkedin-editor-151,pack_linkedin_editor_v1,linkedin_editor,classic,c1ef16d5f57a8940bb47c7f0f7e5e3a08bd98965bf84b79465549f70e6b68d89,duplicate_of:linkedin-editor-42
all-208,pack_all_v1,unified,classic,c4ea399f9d24a3be206cf080e8025b6151b06a4a6b51c45ecc9503f26aad2f18,duplicate_of:linkedin-js-1
all-96,pack_all_v1,unified,classic,c53870c96259dafb55724bf12fd79892b91afa42a1d30f4d6972bc86e9b78b6e,duplicate_of:linkedin-editor-48
all-242,pack_all_v1,linkedin_editor,classic,c53870c96259dafb55724bf12fd79892b91afa42a1d30f4d6972bc86e9b78b6e,duplicate_of:linkedin-editor-48
all-325,pack_all_v1,linkedin_editor,classic,c53870c96259dafb55724bf12fd79892b91afa42a1d30f4d6972bc86e9b78b6e,duplicate_of:linkedin-editor-48
linkedin-editor-157,pack_linkedin_editor_v1,linkedin_editor,classic,c53870c96259dafb55724bf12fd79892b91afa42a1d30f4d6972bc86e9b78b6e,duplicate_of:linkedin-editor-48
all-161,pack_all_v1,unified,classic,c5ff5d4217a777cd60fa9497c75bc1a57448f10aabe26c1ee7f1ac4d9aadcfb7,duplicate_of:linkedin-editor-46
all-323,pack_all_v1,linkedin_editor,classic,c5ff5d4217a777cd60fa9497c75bc1a57448f10aabe26c1ee7f1ac4d9aadcfb7,duplicate_of:linkedin-editor-46
linkedin-editor-155,pack_linkedin_editor_v1,linkedin_editor,classic,c5ff5d4217a777cd60fa9497c75bc1a57448f10aabe26c1ee7f1ac4d9aadcfb7,duplicate_of:linkedin-editor-46
all-220,pack_all_v1,unified,classic,c68ceaf9ea4c5fad74a77b34b3d159a575cf03fad5d7de80a662a9f63522f845,duplicate_of:linkedin-js-13
all-85,pack_all_v1,unified,classic,ca30670e58f515fe70fabb560c42c1b19a3e3c107994afe0bec522f90b12b58d,duplicate_of:linkedin-editor-10
all-235,pack_all_v1,linkedin_editor,classic,ca30670e58f515fe70fabb560c42c1b19a3e3c107994afe0bec522f90b12b58d,duplicate_of:linkedin-editor-10
all-289,pack_all_v1,linkedin_editor,classic,ca30670e58f515fe70fabb560c42c1b19a3e3c107994afe0bec522f90b12b58d,duplicate_of:linkedin-editor-10
linkedin-editor-119,pack_linkedin_editor_v1,linkedin_editor,classic,ca30670e58f515fe70fabb560c42c1b19a3e3c107994afe0bec522f90b12b58d,duplicate_of:linkedin-editor-10
all-136,pack_all_v1,unified,classic,cb1cbeacde3c4b3b67849984770f3173c9a0722ace847af5ff5d039ad54868e9,duplicate_of:linkedin-editor-15
all-294,pack_all_v1,linkedin_editor,classic,cb1cbeacde3c4b3b67849984770f3173c9a0722ace847af5ff5d039ad54868e9,duplicate_of:linkedin-editor-15
linkedin-editor-124,pack_linkedin_editor_v1,linkedin_editor,classic,cb1cbeacde3c4b3b67849984770f3173c9a0722ace847af5ff5d039ad54868e9,duplicate_of:linkedin-editor-15
all-148,pack_all_v1,unified,classic,ce054a4446ff3193cba5156797defcb79b45c511c10eefb31fd2300f8a8de88e,duplicate_of:linkedin-editor-33
all-310,pack_all_v1,linkedin_editor,classic,ce054a4446ff3193cba5156797defcb79b45c511c10eefb31fd2300f8a8de88e,duplicate_of:linkedin-editor-33
linkedin-editor-142,pack_linkedin_editor_v1,linkedin_editor,classic,ce054a4446ff3193cba5156797defcb79b45c511c10eefb31fd2300f8a8de88e,duplicate_of:linkedin-editor-33
all-214,pack_all_v1,unified,classic,ce3c1bcc5c4afe2826e8df8e51507b6ba4649a21d25b0ece49219135e99aa25e,duplicate_of:linkedin-js-7
all-227,pack_all_v1,unified,classic,cf1105774ab3cd5ab7dbd7235af4d91d53b2aff682f97566f31b69bd16f843a8,duplicate_of:linkedin-js-20
all-176,pack_all_v1,unified,classic,d01e8f7207fd3d1f1f9fa2fad16abd2ac8978f4f69f218fe9c0ee07f4c4879e6,duplicate_of:linkedin-editor-84
all-361,pack_all_v1,linkedin_editor,classic,d01e8f7207fd3d1f1f9fa2fad16abd2ac8978f4f69f218fe9c0ee07f4c4879e6,duplicate_of:linkedin-editor-84
linkedin-editor-193,pack_linkedin_editor_v1,linkedin_editor,classic,d01e8f7207fd3d1f1f9fa2fad16abd2ac8978f4f69f218fe9c0ee07f4c4879e6,duplicate_of:linkedin-editor-84
all-89,pack_all_v1,unified,classic,d18ac0c3451783d1bf2b3998a4cd49ee498254fa9f878031233fa758eb5d9d16,duplicate_of:linkedin-editor-20
all-238,pack_all_v1,linkedin_editor,classic,d18ac0c3451783d1bf2b3998a4cd49ee498254fa9f878031233fa758eb5d9d16,duplicate_of:linkedin-editor-20
all-298,pack_all_v1,linkedin_editor,classic,d18ac0c3451783d1bf2b3998a4cd49ee498254fa9f878031233fa758eb5d9d16,duplicate_of:linkedin-editor-20
linkedin-editor-129,pack_linkedin_editor_v1,linkedin_editor,classic,d18ac0c3451783d1bf2b3998a4cd49ee498254fa9f878031233fa758eb5d9d16,duplicate_of:linkedin-editor-20
all-183,pack_all_v1,unified,classic,d1cffbc669a47bc1d0ddeea6a5c8ce20ac835f1e3b461dd94ca60caa5511d6f1,duplicate_of:linkedin-editor-106
all-383,pack_all_v1,linkedin_editor,classic,d1cffbc669a47bc1d0ddeea6a5c8ce20ac835f1e3b461dd94ca60caa5511d6f1,duplicate_of:linkedin-editor-106
linkedin-editor-215,pack_linkedin_editor_v1,linkedin_editor,classic,d1cffbc669a47bc1d0ddeea6a5c8ce20ac835f1e3b461dd94ca60caa5511d6f1,duplicate_of:linkedin-editor-106
all-224,pack_all_v1,unified,classic,d1e5b1f274aef793dcb2823f7367f9b32b5e2c4a28ba68020a90d51f5b835e27,duplicate_of:linkedin-js-17
all-87,pack_all_v1,unified,classic,d254a2650b70939582c72ea17ad17929b262ddeb5cf4ba409abaf87f8e7c6dff,duplicate_of:linkedin-editor-12
all-237,pack_all_v1,linkedin_editor,classic,d254a2650b70939582c72ea17ad17929b262ddeb5cf4ba409abaf87f8e7c6dff,duplicate_of:linkedin-editor-12
all-291,pack_all_v1,linkedin_editor,classic,d254a2650b70939582c72ea17ad17929b262ddeb5cf4ba409abaf87f8e7c6dff,duplicate_of:linkedin-editor-12
linkedin-editor-121,pack_linkedin_editor_v1,linkedin_editor,classic,d254a2650b70939582c72ea17ad17929b262ddeb5cf4ba409abaf87f8e7c6dff,duplicate_of:linkedin-editor-12
all-223,pack_all_v1,unified,classic,d2b59df817161701c35140a6d90012eceb9956c86cadf9dd443280bfe7bf8788,duplicate_of:linkedin-js-16
all-99,pack_all_v1,unified,classic,d353a37a27c2941e3d2bd772877354aca6e85c0ac3e7b8da75ae8b99ad192d03,duplicate_of:linkedin-editor-50
all-244,pack_all_v1,linkedin_editor,classic,d353a37a27c2941e3d2bd772877354aca6e85c0ac3e7b8da75ae8b99ad192d03,duplicate_of:linkedin-editor-50
all-327,pack_all_v1,linkedin_editor,classic,d353a37a27c2941e3d2bd772877354aca6e85c0ac3e7b8da75ae8b99ad192d03,duplicate_of:linkedin-editor-50
linkedin-editor-159,pack_linkedin_editor_v1,linkedin_editor,classic,d353a37a27c2941e3d2bd772877354aca6e85c0ac3e7b8da75ae8b99ad192d03,duplicate_of:linkedin-editor-50
all-125,pack_all_v1,unified,classic,d53ec32fef8a057458b9f24c3164405b51eec64fbe620442818a7f0a9b7c2f99,duplicate_of:linkedin-editor-97
all-274,pack_all_v1,linkedin_editor,classic,d53ec32fef8a057458b9f24c3164405b51eec64fbe620442818a7f0a9b7c2f99,duplicate_of:linkedin-editor-97
all-374,pack_all_v1,linkedin_editor,classic,d53ec32fef8a057458b9f24c3164405b51eec64fbe620442818a7f0a9b7c2f99,duplicate_of:linkedin-editor-97
linkedin-editor-206,pack_linkedin_editor_v1,linkedin_editor,classic,d53ec32fef8a057458b9f24c3164405b51eec64fbe620442818a7f0a9b7c2f99,duplicate_of:linkedin-editor-97
all-123,pack_all_v1,unified,classic,d59b2bdc42ced7f00f87a519e13cabd3b851f729e8493e146aab4251c2336ed8,duplicate_of:linkedin-editor-95
all-272,pack_all_v1,linkedin_editor,classic,d59b2bdc42ced7f00f87a519e13cabd3b851f729e8493e146aab4251c2336ed8,duplicate_of:linkedin-editor-95
all-372,pack_all_v1,linkedin_editor,classic,d59b2bdc42ced7f00f87a519e13cabd3b851f729e8493e146aab4251c2336ed8,duplicate_of:linkedin-editor-95
linkedin-editor-204,pack_linkedin_editor_v1,linkedin_editor,classic,d59b2bdc42ced7f00f87a519e13cabd3b851f729e8493e146aab4251c2336ed8,duplicate_of:linkedin-editor-95
all-120,pack_all_v1,unified,classic,d8103c8f54feb291f6071de10b6591f5d7b3c986cb3e1fc141c24cdecb9e03d5,duplicate_of:linkedin-editor-88
all-268,pack_all_v1,linkedin_editor,classic,d8103c8f54feb291f6071de10b6591f5d7b3c986cb3e1fc141c24cdecb9e03d5,duplicate_of:linkedin-editor-88
all-365,pack_all_v1,linkedin_editor,classic,d8103c8f54feb291f6071de10b6591f5d7b3c986cb3e1fc141c24cdecb9e03d5,duplicate_of:linkedin-editor-88
linkedin-editor-197,pack_linkedin_editor_v1,linkedin_editor,classic,d8103c8f54feb291f6071de10b6591f5d7b3c986cb3e1fc141c24cdecb9e03d5,duplicate_of:linkedin-editor-88
all-108,pack_all_v1,unified,classic,d91f2eb4583032e49f92538d6b9fe1d62cc1705dfa6632f34db89dd3ae6ab461,duplicate_of:linkedin-editor-66
all-254,pack_all_v1,linkedin_editor,classic,d91f2eb4583032e49f92538d6b9fe1d62cc1705dfa6632f34db89dd3ae6ab461,duplicate_of:linkedin-editor-66
all-343,pack_all_v1,linkedin_editor,classic,d91f2eb4583032e49f92538d6b9fe1d62cc1705dfa6632f34db89dd3ae6ab461,duplicate_of:linkedin-editor-66
linkedin-editor-175,pack_linkedin_editor_v1,linkedin_editor,classic,d91f2eb4583032e49f92538d6b9fe1d62cc1705dfa6632f34db89dd3ae6ab461,duplicate_of:linkedin-editor-66
all-181,pack_all_v1,unified,classic,d95f702acaa51d3bf08d2bc6e0a742d8bb2fa306beb96f81386084b96343e57c,duplicate_of:linkedin-editor-101
all-378,pack_all_v1,linkedin_editor,classic,d95f702acaa51d3bf08d2bc6e0a742d8bb2fa306beb96f81386084b96343e57c,duplicate_of:linkedin-editor-101
linkedin-editor-210,pack_linkedin_editor_v1,linkedin_editor,classic,d95f702acaa51d3bf08d2bc6e0a742d8bb2fa306beb96f81386084b96343e57c,duplicate_of:linkedin-editor-101
all-97,pack_all_v1,unified,classic,da580cee4fa16b1dd2ad05daa0fea40c003b03eaac883b876c27714270400af2,duplicate_of:linkedin-editor-55
all-247,pack_all_v1,linkedin_editor,classic,da580cee4fa16b1dd2ad05daa0fea40c003b03eaac883b876c27714270400af2,duplicate_of:linkedin-editor-55
all-332,pack_all_v1,linkedin_editor,classic,da580cee4fa16b1dd2ad05daa0fea40c003b03eaac883b876c27714270400af2,duplicate_of:linkedin-editor-55
all-392,pack_all_v1,linkedin_editor,classic,da580cee4fa16b1dd2ad05daa0fea40c003b03eaac883b876c27714270400af2,duplicate_of:linkedin-editor-55
linkedin-editor-164,pack_linkedin_editor_v1,linkedin_editor,classic,da580cee4fa16b1dd2ad05daa0fea40c003b03eaac883b876c27714270400af2,duplicate_of:linkedin-editor-55
linkedin-editor-236,pack_linkedin_editor_v1,linkedin_editor,classic,da580cee4fa16b1dd2ad05daa0fea40c003b03eaac883b876c27714270400af2,duplicate_of:linkedin-editor-55
all-88,pack_all_v1,unified,classic,da622aa8b3200de7e92ac3f3229d6dd8c6c08cc03c040f12a14056c1b072ae51,duplicate_of:linkedin-editor-28
all-241,pack_all_v1,linkedin_editor,classic,da622aa8b3200de7e92ac3f3229d6dd8c6c08cc03c040f12a14056c1b072ae51,duplicate_of:linkedin-editor-28
all-306,pack_all_v1,linkedin_editor,classic,da622aa8b3200de7e92ac3f3229d6dd8c6c08cc03c040f12a14056c1b072ae51,duplicate_of:linkedin-editor-28
linkedin-editor-137,pack_linkedin_editor_v1,linkedin_editor,classic,da622aa8b3200de7e92ac3f3229d6dd8c6c08cc03c040f12a14056c1b072ae51,duplicate_of:linkedin-editor-28
all-129,pack_all_v1,unified,classic,dabca79006073b5440de76b42db941afa5b91add09c23ce78d8ae29087568136,duplicate_of:linkedin-editor-103
all-278,pack_all_v1,linkedin_editor,classic,dabca79006073b5440de76b42db941afa5b91add09c23ce78d8ae29087568136,duplicate_of:linkedin-editor-103
all-380,pack_all_v1,linkedin_editor,classic,dabca79006073b5440de76b42db941afa5b91add09c23ce78d8ae29087568136,duplicate_of:linkedin-editor-103
all-395,pack_all_v1,linkedin_editor,classic,dabca79006073b5440de76b42db941afa5b91add09c23ce78d8ae29087568136,duplicate_of:linkedin-editor-103
linkedin-editor-212,pack_linkedin_editor_v1,linkedin_editor,classic,dabca79006073b5440de76b42db941afa5b91add09c23ce78d8ae29087568136,duplicate_of:linkedin-editor-103
linkedin-editor-246,pack_linkedin_editor_v1,linkedin_editor,classic,dabca79006073b5440de76b42db941afa5b91add09c23ce78d8ae29087568136,duplicate_of:linkedin-editor-103
all-76,pack_all_v1,unified,classic,db5bcfa13f161d8316484602ad7f555d25ebd085392b413bd67870a1c75a4396,duplicate_of:linkedin-editor-5
all-230,pack_all_v1,linkedin_editor,classic,db5bcfa13f161d8316484602ad7f555d25ebd085392b413bd67870a1c75a4396,duplicate_of:linkedin-editor-5
all-284,pack_all_v1,linkedin_editor,classic,db5bcfa13f161d8316484602ad7f555d25ebd085392b413bd67870a1c75a4396,duplicate_of:linkedin-editor-5
linkedin-editor-114,pack_linkedin_editor_v1,linkedin_editor,classic,db5bcfa13f161d8316484602ad7f555d25ebd085392b413bd67870a1c75a4396,duplicate_of:linkedin-editor-5
all-102,pack_all_v1,unified,classic,ddbd8a613bf7307b993bfa583bd1aed57d43abe2efc2adc3802dcf59335aadbf,duplicate_of:linkedin-editor-54
all-246,pack_all_v1,linkedin_editor,classic,ddbd8a613bf7307b993bfa583bd1aed57d43abe2efc2adc3802dcf59335aadbf,duplicate_of:linkedin-editor-54
all-331,pack_all_v1,linkedin_editor,classic,ddbd8a613bf7307b993bfa583bd1aed57d43abe2efc2adc3802dcf59335aadbf,duplicate_of:linkedin-editor-54
all-387,pack_all_v1,linkedin_editor,classic,ddbd8a613bf7307b993bfa583bd1aed57d43abe2efc2adc3802dcf59335aadbf,duplicate_of:linkedin-editor-54
linkedin-editor-163,pack_linkedin_editor_v1,linkedin_editor,classic,ddbd8a613bf7307b993bfa583bd1aed57d43abe2efc2adc3802dcf59335aadbf,duplicate_of:linkedin-editor-54
linkedin-editor-230,pack_linkedin_editor_v1,linkedin_editor,classic,ddbd8a613bf7307b993bfa583bd1aed57d43abe2efc2adc3802dcf59335aadbf,duplicate_of:linkedin-editor-54
all-118,pack_all_v1,unified,classic,ddce73c72d60478289bceb44e9814a44bd7c1a596371e16a28ef5600aa37de97,duplicate_of:linkedin-editor-86
all-266,pack_all_v1,linkedin_editor,classic,ddce73c72d60478289bceb44e9814a44bd7c1a596371e16a28ef5600aa37de97,duplicate_of:linkedin-editor-86
all-363,pack_all_v1,linkedin_editor,classic,ddce73c72d60478289bceb44e9814a44bd7c1a596371e16a28ef5600aa37de97,duplicate_of:linkedin-editor-86
linkedin-editor-195,pack_linkedin_editor_v1,linkedin_editor,classic,ddce73c72d60478289bceb44e9814a44bd7c1a596371e16a28ef5600aa37de97,duplicate_of:linkedin-editor-86
all-150,pack_all_v1,unified,classic,e32e96a5507553950abbdb60a9bd2220d1884dfa2b5067c689ee2244ba4d80d1,duplicate_of:linkedin-editor-35
all-312,pack_all_v1,linkedin_editor,classic,e32e96a5507553950abbdb60a9bd2220d1884dfa2b5067c689ee2244ba4d80d1,duplicate_of:linkedin-editor-35
linkedin-editor-144,pack_linkedin_editor_v1,linkedin_editor,classic,e32e96a5507553950abbdb60a9bd2220d1884dfa2b5067c689ee2244ba4d80d1,duplicate_of:linkedin-editor-35
all-127,pack_all_v1,unified,classic,e35b965ac40cfb5c7c9d57e27788a5faf37949feafe54c92e7678ed658ab603c,duplicate_of:linkedin-editor-99
all-276,pack_all_v1,linkedin_editor,classic,e35b965ac40cfb5c7c9d57e27788a5faf37949feafe54c92e7678ed658ab603c,duplicate_of:linkedin-editor-99
all-376,pack_all_v1,linkedin_editor,classic,e35b965ac40cfb5c7c9d57e27788a5faf37949feafe54c92e7678ed658ab603c,duplicate_of:linkedin-editor-99
linkedin-editor-208,pack_linkedin_editor_v1,linkedin_editor,classic,e35b965ac40cfb5c7c9d57e27788a5faf37949feafe54c92e7678ed658ab603c,duplicate_of:linkedin-editor-99
all-163,pack_all_v1,unified,classic,e5d826e3b7305c72608949373bc60cec80f6ca67a726dec19393dec79e2bec25,duplicate_of:linkedin-editor-52
all-329,pack_all_v1,linkedin_editor,classic,e5d826e3b7305c72608949373bc60cec80f6ca67a726dec19393dec79e2bec25,duplicate_of:linkedin-editor-52
linkedin-editor-161,pack_linkedin_editor_v1,linkedin_editor,classic,e5d826e3b7305c72608949373bc60cec80f6ca67a726dec19393dec79e2bec25,duplicate_of:linkedin-editor-52
all-172,pack_all_v1,unified,classic,e6d1e664d954e6f7af2897f6867316dced44a1a90a9977a9400d927d7989463d,duplicate_of:linkedin-editor-75
all-352,pack_all_v1,linkedin_editor,classic,e6d1e664d954e6f7af2897f6867316dced44a1a90a9977a9400d927d7989463d,duplicate_of:linkedin-editor-75
linkedin-editor-184,pack_linkedin_editor_v1,linkedin_editor,classic,e6d1e664d954e6f7af2897f6867316dced44a1a90a9977a9400d927d7989463d,duplicate_of:linkedin-editor-75
all-86,pack_all_v1,unified,classic,e9cea2b8d365f81430dc130a208b50dc704d8570fdd6887786f00d30221b04bf,duplicate_of:linkedin-editor-11
all-236,pack_all_v1,linkedin_editor,classic,e9cea2b8d365f81430dc130a208b50dc704d8570fdd6887786f00d30221b04bf,duplicate_of:linkedin-editor-11
all-290,pack_all_v1,linkedin_editor,classic,e9cea2b8d365f81430dc130a208b50dc704d8570fdd6887786f00d30221b04bf,duplicate_of:linkedin-editor-11
linkedin-editor-120,pack_linkedin_editor_v1,linkedin_editor,classic,e9cea2b8d365f81430dc130a208b50dc704d8570fdd6887786f00d30221b04bf,duplicate_of:linkedin-editor-11
all-188,pack_all_v1,unified,classic,ed6025a9718d02c222e255788325691030a1d612739ea5622e3502c5fe91b299,duplicate_of:linkedin-editor-219
all-101,pack_all_v1,unified,classic,f222ec2f52e88f5ebf6c226e502d3caa79333c3f85928da7272e53a3bf5abf82,duplicate_of:linkedin-editor-51
all-245,pack_all_v1,linkedin_editor,classic,f222ec2f52e88f5ebf6c226e502d3caa79333c3f85928da7272e53a3bf5abf82,duplicate_of:linkedin-editor-51
all-328,pack_all_v1,linkedin_editor,classic,f222ec2f52e88f5ebf6c226e502d3caa79333c3f85928da7272e53a3bf5abf82,duplicate_of:linkedin-editor-51
linkedin-editor-160,pack_linkedin_editor_v1,linkedin_editor,classic,f222ec2f52e88f5ebf6c226e502d3caa79333c3f85928da7272e53a3bf5abf82,duplicate_of:linkedin-editor-51
all-119,pack_all_v1,unified,classic,f3b006fca7c5c5a16c23597b4c8acd86f17d03a82661ad7884d710fab0241ecf,duplicate_of:linkedin-editor-87
all-267,pack_all_v1,linkedin_editor,classic,f3b006fca7c5c5a16c23597b4c8acd86f17d03a82661ad7884d710fab0241ecf,duplicate_of:linkedin-editor-87
all-364,pack_all_v1,linkedin_editor,classic,f3b006fca7c5c5a16c23597b4c8acd86f17d03a82661ad7884d710fab0241ecf,duplicate_of:linkedin-editor-87
all-389,pack_all_v1,linkedin_editor,classic,f3b006fca7c5c5a16c23597b4c8acd86f17d03a82661ad7884d710fab0241ecf,duplicate_of:linkedin-editor-87
linkedin-editor-196,pack_linkedin_editor_v1,linkedin_editor,classic,f3b006fca7c5c5a16c23597b4c8acd86f17d03a82661ad7884d710fab0241ecf,duplicate_of:linkedin-editor-87
linkedin-editor-233,pack_linkedin_editor_v1,linkedin_editor,classic,f3b006fca7c5c5a16c23597b4c8acd86f17d03a82661ad7884d710fab0241ecf,duplicate_of:linkedin-editor-87
all-142,pack_all_v1,unified,classic,f3b7aa2b08790d50e7046d6ed480d85021686058b674254f5a6082e56d97b1f2,duplicate_of:linkedin-editor-24
all-302,pack_all_v1,linkedin_editor,classic,f3b7aa2b08790d50e7046d6ed480d85021686058b674254f5a6082e56d97b1f2,duplicate_of:linkedin-editor-24
linkedin-editor-133,pack_linkedin_editor_v1,linkedin_editor,classic,f3b7aa2b08790d50e7046d6ed480d85021686058b674254f5a6082e56d97b1f2,duplicate_of:linkedin-editor-24
all-399,pack_all_v1,linkedin_editor_raw,classic,f4e913122f7c5b1c4fca80e72e505861167af770b00e05b94841697ecc531d89,duplicate_of:linkedin-editor-251
all-133,pack_all_v1,unified,classic,f538d105eaa56b631ff3a1b23c3f047368f4a64c971852d1052e1484d2e8826d,duplicate_of:linkedin-editor-4
all-283,pack_all_v1,linkedin_editor,classic,f538d105eaa56b631ff3a1b23c3f047368f4a64c971852d1052e1484d2e8826d,duplicate_of:linkedin-editor-4
linkedin-editor-113,pack_linkedin_editor_v1,linkedin_editor,classic,f538d105eaa56b631ff3a1b23c3f047368f4a64c971852d1052e1484d2e8826d,duplicate_of:linkedin-editor-4
all-201,pack_all_v1,unified,classic,f5df2d493e68fc378558b0dc62d0de3fb2046f6d4db8c294d466124195e4c1dc,duplicate_of:linkedin-editor-240
all-114,pack_all_v1,unified,classic,f64ecd011f1654cf3976cfc444d9d8c17cd44ad4ba80547e299a377d91199a06,duplicate_of:linkedin-editor-79
all-261,pack_all_v1,linkedin_editor,classic,f64ecd011f1654cf3976cfc444d9d8c17cd44ad4ba80547e299a377d91199a06,duplicate_of:linkedin-editor-79
all-356,pack_all_v1,linkedin_editor,classic,f64ecd011f1654cf3976cfc444d9d8c17cd44ad4ba80547e299a377d91199a06,duplicate_of:linkedin-editor-79
linkedin-editor-188,pack_linkedin_editor_v1,linkedin_editor,classic,f64ecd011f1654cf3976cfc444d9d8c17cd44ad4ba80547e299a377d91199a06,duplicate_of:linkedin-editor-79
all-190,pack_all_v1,unified,classic,f86cc89ae711fb6aed12f97fb865a1a9852339a15e8ca56b2acba31e46d95ba2,duplicate_of:linkedin-editor-221
all-145,pack_all_v1,unified,classic,f8d6e8c5f3ee01fd353063e714599f42fec5d5331b86a5ac8a07fa467a0bc9b3,duplicate_of:linkedin-editor-29
all-307,pack_all_v1,linkedin_editor,classic,f8d6e8c5f3ee01fd353063e714599f42fec5d5331b86a5ac8a07fa467a0bc9b3,duplicate_of:linkedin-editor-29
linkedin-editor-138,pack_linkedin_editor_v1,linkedin_editor,classic,f8d6e8c5f3ee01fd353063e714599f42fec5d5331b86a5ac8a07fa467a0bc9b3,duplicate_of:linkedin-editor-29
all-138,pack_all_v1,unified,classic,fa311c9bc43acbb77d5aa1c18930be99bb65efe08ae2a78738708c6bb3b595f4,duplicate_of:linkedin-editor-18
all-296,pack_all_v1,linkedin_editor,classic,fa311c9bc43acbb77d5aa1c18930be99bb65efe08ae2a78738708c6bb3b595f4,duplicate_of:linkedin-editor-18
linkedin-editor-127,pack_linkedin_editor_v1,linkedin_editor,classic,fa311c9bc43acbb77d5aa1c18930be99bb65efe08ae2a78738708c6bb3b595f4,duplicate_of:linkedin-editor-18
all-198,pack_all_v1,unified,classic,fd79b6a16f63f489bc821d6a9dc65f9cedfb2d2133a096520f9dfe9b2ac098c8,duplicate_of:linkedin-editor-229
